35.83629;1;0;0;0
35.85235;1;0;0;0
35.86876;1;0;0;0
35.88533;1;0;0;0
35.9019;1;0;0;0
35.91911;1;0;0;0
35.93506;1;0;0;0
35.95207;1;0;0;0
35.96816;1;0;0;0
35.9851;1;0;0;0
36.00206;1;0;0;0
36.018;1;0;0;0
36.03443;1;0;0;0
36.05101;1;0;0;0
36.0679;1;0;0;0
36.08413;1;0;0;0
36.10079;1;0;0;0
36.11726;1;0;0;0
36.13383;1;0;0;0
36.15071;1;0;0;0
36.16771;1;0;0;0
36.18367;1;0;0;0
36.2001;1;0;0;0
36.21666;1;0;0;0
36.2335;1;0;0;0
36.25049;1;0;0;0
36.26643;1;0;0;0
36.28293;1;0;0;0
36.2995;1;0;0;0
36.31652;1;0;0;0
36.33263;1;0;0;0
36.34939;1;0;0;0
36.36576;1;0;0;0
36.38233;1;0;0;0
36.3989;1;0;0;0
36.41547;1;0;0;0
36.43203;1;0;0;0
36.44879;1;0;0;0
36.46516;1;0;0;0
36.48174;1;0;0;0
36.49859;1;0;0;0
36.51487;1;0;0;0
36.5315;1;0;0;0
36.54847;1;0;0;0
36.56456;1;0;0;0
36.58138;1;0;0;0
36.5977;1;0;0;0
36.61428;1;0;0;0
36.63083;1;0;0;0
36.6474;1;0;0;0
36.6642;1;0;0;0
36.68053;1;0;0;0
36.69711;1;0;0;0
36.71367;1;0;0;0
36.73093;1;0;0;0
36.74694;1;0;0;0
36.76336;1;0;0;0
36.77993;1;0;0;0
36.79679;1;0;0.09887762;0
36.81375;1;0;0.1021463;0
36.82968;1;0;0.1066981;0
36.84634;1;0;0.1106388;0
36.86362;1;0;0.1158626;0
36.87953;1;0;0.1400266;0
36.89651;1;0;0.1465334;0
36.91249;1;0;0.1458919;0
36.92941;1;0;0.1458919;0
36.94636;1;0;0.1458919;0
36.96242;1;0;0.1465334;0
36.97928;1;0;0.1458919;0
36.99533;1;0;0.1458919;0
37.01223;1;0;0.1458919;0
37.02843;1;0;0.1458919;0
37.04513;1;0;0.1458919;0
37.06157;1;0;0.1472055;0
37.07813;1;0;0.1465334;0
37.09496;1;0;0.1465334;0
37.11129;1;0;0.1465334;0
37.12791;1;0;0.1465334;0
37.1444;1;0;0.1452504;0
37.16096;1;0;0.1452504;0
37.17773;1;0;0.1445783;0
37.19473;1;0;0.1452504;0
37.21074;1;0;0.1458919;0
37.22723;1;0;0.1445783;0
37.2446;1;0;0.1445783;0
37.26053;1;0;0.1445783;0
37.27693;1;0;0.1439368;0
37.2935;1;0;0.1458919;0
37.31035;1;0;0.1445783;0
37.32663;1;0;0.1439368;0
37.34333;1;0;0.1439368;0
37.36024;1;0;0.1426232;0
37.37633;1;0;0.1426232;0
37.39316;1;0;0.1439368;0
37.40946;1;0;0.1458919;0
37.42613;1;0;0.1465334;0
37.4426;1;0;0.1465334;0
37.45916;1;0;0.1465334;0
37.47598;1;0;0.1465334;0
37.49281;1;0;0.1458919;0
37.50887;1;0;0.1465334;0
37.5257;1;0;0.1458919;0
37.54266;1;0;0.1458919;0
37.55861;1;0;0.1452504;0
37.57513;1;0;0.1445783;0
37.5917;1;0;0.1445783;0
37.60849;1;0;0.1452504;0
37.62483;1;0;0.1445783;0
37.6414;1;0;0.1465334;0
37.65836;1;0;0.1452504;0
37.67453;1;0;0.1472055;0
37.6911;1;0;0.1472055;0
37.70768;1;0;0.1484885;0
37.72423;1;0;0.1484885;0
37.7408;1;0;0.1550259;0
37.75751;1;0;0.190279;0
37.77437;1;0;0.2085776;0
37.79051;1;0;0.2085776;0
37.80732;1;0;0.2118463;0
37.82365;1;0;0.2144429;0
37.84023;1;0;0.2138014;0
37.85719;1;0;0.2131599;0
37.87333;1;0;0.2085776;0
37.89005;1;0;0.2085776;0
37.9066;1;0;0.1961749;0
37.92303;1;0;0.1955028;0
37.9396;1;0;0.1942198;0
37.95636;1;0;0.1935477;0
37.97273;1;0;0.1915926;0
37.98943;1;0;0.1935477;0
38.0064;1;0;0.1935477;0
38.02243;1;0;0.1948613;0
38.03932;1;0;0.1942198;0
38.0563;1;0;0.1942198;0
38.07227;1;0;0.1974885;0
38.0887;1;0;0.1987715;0
38.1056;1;0;0.19813;0
38.12183;1;0;0.1987715;0
38.13859;1;0;0.1987715;0
38.15554;1;0;0.1987715;0
38.17154;1;0;0.1987715;0
38.18842;1;0;0.1987715;0
38.20467;1;0;0.1987715;0
38.22144;1;0;0.1987715;0
38.2378;1;0;0.1987715;0
38.2544;1;0;0.1994436;0
38.27094;1;0;0.1994436;0
38.2875;1;0;0.1994436;0
38.30431;1;0;0.1994436;0
38.32063;1;0;0.2000851;0
38.3372;1;0;0.2000851;0
38.35376;1;0;0.1987715;0
38.37033;1;0;0.1987715;0
38.38707;1;0;0.1987715;0
38.40405;1;0;0.19813;0
38.42003;1;0;0.2007266;0
38.43696;1;0;0.1987715;0
38.45319;1;0;0.19813;0
38.46991;1;0;0.19813;0
38.48679;1;0;0.19813;0
38.50288;1;0;0.1987715;0
38.51943;1;0;0.1987715;0
38.536;1;0;0.1987715;0
38.55267;1;0;0.1987715;0
38.56956;1;0;0.1987715;0
38.5857;1;0;0.1987715;0
38.60252;1;0;0.1987715;0
38.61943;1;0;0.1987715;0
38.63552;1;0;0.2000851;0
38.65245;1;0;0.1994436;0
38.66932;1;0;0.1974885;0
38.6853;1;0;0.1987715;0
38.70166;1;0;0.1987715;0
38.71824;1;0;0.1994436;0
38.7348;1;0;0.2000851;0
38.75137;1;0;0.1987715;0
38.76807;1;0;0.1994436;0
38.785;1;0;0.1994436;0
38.80106;1;0;0.2007266;0
38.81763;1;0;0.1987715;0
38.8342;1;0;0.2000851;0
38.85093;1;0;0.2000851;0
38.86788;1;0;0.1987715;0
38.8839;1;0;0.1994436;0
38.90072;1;0;0.1994436;0
38.91703;1;0;0.2000851;0
38.93368;1;0;0.19813;0
38.95055;1;0;0.1994436;0
38.96673;1;0;0.1994436;0
38.98353;1;0;0.2020402;0
39.00054;1;0;0.2046674;0
39.01644;1;0;0.2039953;0
39.03343;1;0;0.207264;0
39.04956;1;0;0.2066225;0
39.06625;1;0;0.207264;0
39.0827;1;0;0.207264;0
39.09927;1;0;0.207264;0
39.11583;1;0;0.207264;0
39.13319;1;0;0.2079361;0
39.14915;1;0;0.207264;0
39.16553;1;0;0.2066225;0
39.1821;1;0;0.2066225;0
39.19894;1;0;0.2066225;0
39.21535;1;0;0.2079361;0
39.23225;1;0;0.2079361;0
39.24837;1;0;0.207264;0
39.26527;1;0;0.207264;0
39.2815;1;0;0.2079361;0
39.29813;1;0;0.207264;0
39.31463;1;0;0.207264;0
39.33121;1;0;0.2066225;0
39.34806;1;0;0.207264;0
39.36496;1;0;0.207264;0
39.38095;1;0;0.207264;0
39.39786;1;0;0.207264;0
39.41481;1;0;0.207264;0
39.43074;1;0;0.2085776;0
39.44772;1;0;0.2079361;0
39.46373;1;0;0.2079361;0
39.48071;1;0;0.2085776;0
39.49686;1;0;0.2066225;0
39.51358;1;0;0.2079361;0
39.53;1;0;0.207264;0
39.54657;1;0;0.2085776;0
39.56314;1;0;0.2066225;0
39.58045;1;0;0.2079361;0
39.59642;1;0;0.2079361;0
39.61333;1;0;0.2079361;0
39.6294;1;0;0.2079361;0
39.64628;1;0;0.2085776;0
39.66253;1;0;0.207264;0
39.67923;1;0;0.207264;0
39.69625;1;0;0.207264;0
39.71223;1;0;0.2079361;0
39.7295;1;0;0.2085776;0
39.74551;1;0;0.2092191;0
39.76246;1;0;0.2098912;0
39.7785;1;0;0.2118463;0
39.79539;1;0;0.2118463;0
39.81235;1;0;0.2131599;0
39.82827;1;0;0.2131599;0
39.84527;1;0;0.2124878;0
39.86134;1;0;0.2111742;0
39.87817;1;0;0.2098912;0
39.89446;1;0;0.2111742;0
39.91114;1;0;0.2105327;0
39.9276;1;0;0.2118463;0
39.94416;1;0;0.2111742;0
39.96101;1;0;0.2105327;0
39.97797;1;0;0.2111742;0
39.99397;1;0;0.2098912;0
40.01092;1;0;0.2098912;0
40.027;1;0;0.2098912;0
40.04377;1;0;0.2111742;0
40.06078;1;0;0.2098912;0
40.07674;1;0;0.2098912;0
40.09364;1;0;0.2098912;0
40.10983;1;0;0.2105327;0
40.12662;1;0;0.2098912;0
40.14357;1;0;0.2105327;0
40.15953;1;0;0.2098912;0
40.1761;1;0;0.2092191;0
40.19267;1;0;0.2098912;0
40.20935;1;0;0.2105327;0
40.22635;1;0;0.2111742;0
40.24236;1;0;0.2092191;0
40.2592;1;0;0.2092191;0
40.2755;1;0;0.2098912;0
40.29216;1;0;0.2085776;0
40.30911;1;0;0.2085776;0
40.3252;1;0;0.2092191;0
40.34205;1;0;0.2092191;0
40.35899;1;0;0.2092191;0
40.37495;1;0;0.2098912;0
40.39191;1;0;0.2092191;0
40.40803;1;0;0.2105327;0
40.42482;1;0;0.2098912;0
40.44116;1;0;0.2098912;0
40.45773;1;0;0.2098912;0
40.47469;1;0;0.2085776;0
40.49161;1;0;0.2098912;0
40.50754;1;0;0.2098912;0
40.52455;1;0;0.2085776;0
40.54057;1;0;0.2092191;0
40.55746;1;0;0.2098912;0
40.5737;1;0;0.2092191;0
40.59032;1;0;0.2085776;0
40.60683;1;0;0.2092191;0
40.6234;1;0;0.2092191;0
40.63997;1;0;0.2098912;0
40.65656;1;0;0.2092191;0
40.67315;1;0;0.2098912;0
40.69005;1;0;0.2105327;0
40.70623;1;0;0.2098912;0
40.72307;1;0;0.2098912;0
40.73993;1;0;0.2092191;0
40.75594;1;0;0.2085776;0
40.7725;1;0;0.2085776;0
40.78906;1;0;0.2092191;0
40.80589;1;0;0.2085776;0
40.82269;1;0;0.2085776;0
40.83877;1;0;0.2085776;0
40.85576;1;0;0.2085776;0
40.8719;1;0;0.2079361;0
40.88847;1;0;0.2079361;0
40.90503;1;0;0.2079361;0
40.9216;1;0;0.2079361;0
40.93847;1;0;0.2079361;0
40.95473;1;0;0.2085776;0
40.97136;1;0;0.207264;0
40.98787;1;0;0.207264;0
41.00538;1;0;0.207264;0
41.0212;1;0;0.2085776;0
41.03756;1;0;0.2079361;0
41.05415;1;0;0.2085776;0
41.07116;1;0;0.2079361;0
41.08727;1;0;0.2079361;0
41.10405;1;0;0.2085776;0
41.1204;1;0;0.207264;0
41.13696;1;0;0.2079361;0
41.15384;1;0;0.2085776;0
41.1701;1;0;0.2085776;0
41.18666;1;0;0.2085776;0
41.20323;1;0;0.2085776;0
41.22023;1;0;0.2079361;0
41.23639;1;0;0.2079361;0
41.25293;1;0;0.207264;0
41.2695;1;0;0.207264;0
41.28609;1;0;0.2079361;0
41.30264;1;0;0.2092191;0
41.31952;1;0;0.2092191;0
41.33577;1;0;0.2098912;0
41.35243;1;0;0.2098912;0
41.36892;1;0;0.2092191;0
41.38634;1;0;0.2092191;0
41.40228;1;0;0.2085776;0
41.4186;1;0;0.2092191;0
41.43531;1;0;0.2098912;0
41.45173;1;0;0.2085776;0
41.46831;1;0;0.2085776;0
41.48525;1;0;0.2085776;0
41.50143;1;0;0.2092191;0
41.51819;1;0;0.2092191;0
41.53519;1;0;0.2092191;0
41.55113;1;0;0.2098912;0
41.56803;1;0;0.2098912;0
41.58426;1;0;0.2092191;0
41.60087;1;0;0.2098912;0
41.61747;1;0;0.2092191;0
41.63396;1;0;0.2105327;0
41.65054;1;0;0.2098912;0
41.6671;1;0;0.2092191;0
41.68427;1;0;0.2085776;0
41.70024;1;0;0.2092191;0
41.71716;1;0;0.2092191;0
41.73336;1;0;0.2098912;0
41.75007;1;0;0.2105327;0
41.7665;1;0;0.2105327;0
41.78308;1;0;0.2098912;0
41.79996;1;0;0.2111742;0
41.8162;1;0;0.2111742;0
41.833;1;0;0.2105327;0
41.84985;1;0;0.2105327;0
41.8659;1;0;0.2105327;0
41.88282;1;0;0.2098912;0
41.89967;1;0;0.2098912;0
41.91566;1;0;0.2105327;0
41.93216;1;0;0.2105327;0
41.94874;1;0;0.2105327;0
41.96547;1;0;0.2105327;0
41.98248;1;0;0.2105327;0
41.99852;1;0;0.2105327;0
42.0154;1;0;0.2105327;0
42.03156;1;0;0.2105327;0
42.04813;1;0;0.2111742;0
42.0647;1;0;0.2105327;0
42.0813;1;0;0.2118463;0
42.09784;1;0;0.2124878;0
42.11512;1;0;0.2138014;0
42.13113;1;0;0.2124878;0
42.14753;1;0;0.2144429;0
42.1641;1;0;0.2124878;0
42.18066;1;0;0.2131599;0
42.19788;1;0;0.2131599;0
42.21386;1;0;0.2124878;0
42.23087;1;0;0.2138014;0
42.24694;1;0;0.2124878;0
42.26372;1;0;0.2131599;0
42.28062;1;0;0.2118463;0
42.29664;1;0;0.2118463;0
42.31361;1;0;0.2118463;0
42.33052;1;0;0.2124878;0
42.34651;1;0;0.2124878;0
42.36342;1;0;0.2118463;0
42.37946;1;0;0.2124878;0
42.39603;1;0;0.2124878;0
42.4126;1;0;0.2124878;0
42.42925;1;0;0.2118463;0
42.44624;1;0;0.2124878;0
42.46231;1;0;0.2124878;0
42.47911;1;0;0.2124878;0
42.49611;1;0;0.2124878;0
42.51205;1;0;0.2124878;0
42.52914;1;0;0.2131599;0
42.54513;1;0;0.2124878;0
42.5617;1;0;0.2131599;0
42.57826;1;0;0.2131599;0
42.59496;1;0;0.2138014;0
42.61187;1;0;0.2138014;0
42.62803;1;0;0.2138014;0
42.64453;1;0;0.2144429;0
42.6611;1;0;0.2138014;0
42.67767;1;0;0.2138014;0
42.69423;1;0;0.2131599;0
42.71082;1;0;0.2131599;0
42.72736;1;0;0.2118463;0
42.74393;1;0;0.2124878;0
42.7605;1;0;0.2131599;0
42.77707;1;0;0.2131599;0
42.79364;1;0;0.2131599;0
42.8105;1;0;0.2144429;0
42.82676;1;0;0.215115;0
42.84334;1;0;0.2144429;0
42.8599;1;0;0.2144429;0
42.87646;1;0;0.2138014;0
42.89318;1;0;0.215115;0
42.9096;1;0;0.2131599;0
42.92617;1;0;0.2144429;0
42.94311;1;0;0.2138014;0
42.96;1;0;0.2138014;0
42.97599;1;0;0.2144429;0
42.9929;1;0;0.2138014;0
43.009;1;0;0.2138014;0
43.02556;1;0;0.2144429;0
43.0423;1;0;0.2138014;0
43.0587;1;0;0.215115;0
43.07526;1;0;0.2144429;0
43.09185;1;0;0.2138014;0
43.1084;1;0;0.2138014;0
43.12497;1;0;0.215115;0
43.14153;1;0;0.2144429;0
43.1581;1;0;0.2131599;0
43.17466;1;0;0.215115;0
43.19123;1;0;0.215115;0
43.2078;1;0;0.2131599;0
43.22437;1;0;0.2138014;0
43.24095;1;0;0.2144429;0
43.2575;1;0;0.2144429;0
43.27462;1;0;0.2131599;0
43.29064;1;0;0.215115;0
43.30753;1;0;0.2138014;0
43.32376;1;0;0.2138014;0
43.34048;1;0;0.2144429;0
43.3569;1;0;0.2144429;0
43.37346;1;0;0.2144429;0
43.39024;1;0;0.2144429;0
43.4074;1;0;0.2144429;0
43.42336;1;0;0.2144429;0
43.43973;1;0;0.2138014;0
43.45634;1;0;0.2138014;0
43.47329;1;0;0.2138014;0
43.48944;1;0;0.2138014;0
43.50615;1;0;0.2144429;0
43.52315;1;0;0.2144429;0
43.53913;1;0;0.2124878;0
43.55606;1;0;0.2124878;0
43.57227;1;0;0.2144429;0
43.58895;1;0;0.2138014;0
43.60597;1;0;0.2131599;0
43.62196;1;0;0.2124878;0
43.63883;1;0;0.2124878;0
43.6551;1;0;0.2138014;0
43.67171;1;0;0.2131599;0
43.68823;1;0;0.2124878;0
43.70568;1;0;0.2124878;0
43.72164;1;0;0.2124878;0
43.73793;1;0;0.2138014;0
43.75454;1;0;0.2124878;0
43.77106;1;0;0.2131599;0
43.78763;1;0;0.2124878;0
43.80442;1;0;0.2131599;0
43.82076;1;0;0.2131599;0
43.83733;1;0;0.2124878;0
43.8539;1;0;0.2138014;0
43.87046;1;0;0.2131599;0
43.88723;1;0;0.2131599;0
43.90361;1;0;0.2138014;0
43.92016;1;0;0.2124878;0
43.93705;1;0;0.2131599;0
43.9533;1;0;0.2131599;0
43.9699;1;0;0.2131599;0
43.98643;1;0;0.2131599;0
44.00391;1;0;0.2131599;0
44.01957;1;0;0.2131599;0
44.03683;1;0;0.2138014;0
44.05275;1;0;0.2138014;0
44.06964;1;0;0.2131599;0
44.08583;1;0;0.2131599;0
44.1024;1;0;0.2131599;0
44.11897;1;0;0.2131599;0
44.13555;1;0;0.2124878;0
44.1521;1;0;0.2138014;0
44.16867;1;0;0.2131599;0
44.1855;1;0;0.2138014;0
44.2018;1;0;0.2131599;0
44.21839;1;0;0.2131599;0
44.23493;1;0;0.2138014;0
44.2515;1;0;0.2138014;0
44.26807;1;0;0.2131599;0
44.28465;1;0;0.2131599;0
44.3023;1;0;0.2138014;0
44.31818;1;0;0.2131599;0
44.33434;1;0;0.2131599;0
44.35123;1;0;0.2124878;0
44.36747;1;0;0.2138014;0
44.38421;1;0;0.2131599;0
44.4006;1;0;0.2131599;0
44.41717;1;0;0.2144429;0
44.43419;1;0;0.2131599;0
44.4503;1;0;0.2144429;0
44.4672;1;0;0.2131599;0
44.48405;1;0;0.2138014;0
44.50003;1;0;0.2138014;0
44.51656;1;0;0.2144429;0
44.53313;1;0;0.2131599;0
44.54985;1;0;0.2138014;0
44.56685;1;0;0.2131599;0
44.58284;1;0;0.2124878;0
44.59977;1;0;0.2124878;0
44.61671;1;0;0.2138014;0
44.63255;1;0;0.2124878;0
44.64944;1;0;0.2138014;0
44.66566;1;0;0.2131599;0
44.68241;1;0;0.2124878;0
44.69928;1;0;0.2124878;0
44.71536;1;0;0.2138014;0
44.73193;1;0;0.2124878;0
44.74913;1;0;0.2131599;0
44.76511;1;0;0.2124878;0
44.78164;1;0;0.2144429;0
44.79821;1;0;0.2131599;0
44.81515;1;0;0.2138014;0
44.83214;1;0;0.2131599;0
44.84813;1;0;0.2138014;0
44.86502;1;0;0.2124878;0
44.88106;1;0;0.2131599;0
44.89798;1;0;0.2124878;0
44.91416;1;0;0.2124878;0
44.93098;1;0;0.2131599;0
44.9473;1;0;0.2131599;0
44.96388;1;0;0.2131599;0
44.98079;1;0;0.2131599;0
44.997;1;0;0.2138014;0
45.01374;1;0;0.2138014;0
45.03013;1;0;0.2138014;0
45.0467;1;0;0.2124878;0
45.06361;1;0;0.2131599;0
45.08051;1;0;0.2138014;0
45.0964;1;0;0.2124878;0
45.11296;1;0;0.2131599;0
45.12953;1;0;0.2124878;0
45.14637;1;0;0.2124878;0
45.16266;1;0;0.2131599;0
45.17943;1;0;0.2131599;0
45.19639;1;0;0.2124878;0
45.21237;1;0;0.2131599;0
45.22929;1;0;0.2124878;0
45.2455;1;0;0.2131599;0
45.26224;1;0;0.2131599;0
45.27919;1;0;0.2131599;0
45.2952;1;0;0.2138014;0
45.31212;1;0;0.2131599;0
45.32833;1;0;0.2124878;0
45.34494;1;0;0.2124878;0
45.36147;1;0;0.1831001;0
45.37803;1;0;0.1524293;0
45.39484;1;0;0;0
45.41116;1;0;0;0
45.42773;1;0;0;0
45.44476;1;0;0;0
45.46087;1;0;0;0
45.47743;1;0;0;0
45.49462;1;0;0;0
45.51057;1;0;0;0
45.52713;1;0;0;0
45.5437;1;0;0;0
45.56044;1;0;0;0
45.57683;1;0;0;0
45.5934;1;0;0;0
45.61026;1;0;0;0
45.62726;1;0;0;0
45.64326;1;0;0;0
45.66015;1;0;0;0
45.67623;1;0;0;0
45.6933;1;0;0;0
45.70937;1;0;0;0
45.72618;1;0;0;0
45.74314;1;0;0;0
45.75908;1;0;0;0
45.77596;1;0;0;0
45.7922;1;0;0;0
45.80887;1;0;0;0
45.82592;1;0;0;0
45.8419;1;0;0;0
45.85878;1;0.1063926;0;0
45.87577;1;0.1063926;0;0
45.89177;1;0.1063926;0;0
45.90816;1;0.2862627;0;0
45.92473;1;0.332666;0;0
45.9413;1;0.4400749;0;0
45.95786;1;0.4896552;0;0
45.97451;1;0.5042574;0;0
45.991;1;0.5042574;0;0
46.00756;1;0.5334924;0;0
46.02439;1;0.5710061;0;0
46.04131;1;0.5760772;0;0
46.05735;1;0.5862499;0;0
46.07425;1;0.5932455;0;0
46.0904;1;0.5932455;0;0
46.10721;1;0.5964226;0;0
46.12414;1;0.5964226;0;0
46.1401;1;0.5964226;0;0
46.15709;1;0.5964226;0;0
46.17403;1;0.5964226;0;0
46.18998;1;0.5964226;0;0
46.20636;1;0.5983166;0;0
46.22293;1;0.5964226;0;0
46.23984;1;0.5938565;0;0
46.25607;1;0.5964226;0;0
46.27273;1;0.5964226;0;0
46.28967;1;0.595781;0;0
46.30576;1;0.595781;0;0
46.32268;1;0.595781;0;0
46.33937;1;0.5964226;0;0
46.3563;1;0.5932455;0;0
46.37226;1;0.5932455;0;0
46.38921;1;0.595781;0;0
46.40516;1;0.597675;0;0
46.42214;1;0.597675;0;0
46.43908;1;0.592604;0;0
46.4553;1;0.592604;0;0
46.47144;1;0.595781;0;0
46.488;1;0.595781;0;0
46.50516;1;0.5970335;0;0
46.52115;1;0.5970335;0;0
46.5377;1;0.5964226;0;0
46.55436;1;0.5964226;0;0
46.57129;1;0.5970335;0;0
46.58741;1;0.597675;0;0
46.60421;1;0.5964226;0;0
46.62053;1;0.597675;0;0
46.6371;1;0.597675;0;0
46.65405;1;0.5983166;0;0
46.67023;1;0.5970335;0;0
46.687;1;0.5970335;0;0
46.70337;1;0.5964226;0;0
46.71993;1;0.5970335;0;0
46.7365;1;0.597675;0;0
46.75334;1;0.5964226;0;0
46.76963;1;0.597675;0;0
46.78627;1;0.597675;0;0
46.8032;1;0.597675;0;0
46.81933;1;0.5964226;0;0
46.83611;1;0.5970335;0;0
46.85246;1;0.5970335;0;0
46.86905;1;0.5983166;0;0
46.88598;1;0.5970335;0;0
46.90216;1;0.5964226;0;0
46.91873;1;0.5970335;0;0
46.93588;1;0.5964226;0;0
46.95187;1;0.5919625;0;0
46.96843;1;0.5913209;0;0
46.98564;1;0.5919625;0;0
47.00168;1;0.5906794;0;0
47.01864;1;0.5906794;0;0
47.0347;1;0.5906794;0;0
47.05148;1;0.5919625;0;0
47.06846;1;0.5913209;0;0
47.08444;1;0.5919625;0;0
47.10138;1;0.5906794;0;0
47.11753;1;0.5900685;0;0
47.1343;1;0.5906794;0;0
47.1513;1;0.5913209;0;0
47.16726;1;0.5913209;0;0
47.18411;1;0.5906794;0;0
47.20037;1;0.5906794;0;0
47.21714;1;0.5900685;0;0
47.2335;1;0.5900685;0;0
47.25007;1;0.5913209;0;0
47.26696;1;0.5906794;0;0
47.2832;1;0.5919625;0;0
47.2998;1;0.5919625;0;0
47.31676;1;0.5900685;0;0
47.3329;1;0.5906794;0;0
47.3498;1;0.5913209;0;0
47.3667;1;0.5913209;0;0
47.38263;1;0.5913209;0;0
47.39962;1;0.5913209;0;0
47.41573;1;0.5913209;0;0
47.43254;1;0.5894269;0;0
47.44886;1;0.5906794;0;0
47.46543;1;0.5913209;0;0
47.482;1;0.5900685;0;0
47.49927;1;0.5900685;0;0
47.51523;1;0.5919625;0;0
47.53225;1;0.5913209;0;0
47.54913;1;0.5906794;0;0
47.56514;1;0.5913209;0;0
47.5814;1;0.5913209;0;0
47.59806;1;0.5913209;0;0
47.61453;1;0.5913209;0;0
47.6311;1;0.5913209;0;0
47.64787;1;0.5900685;0;0
47.66423;1;0.5913209;0;0
47.681;1;0.5913209;0;0
47.69736;1;0.5913209;0;0
47.71396;1;0.5913209;0;0
47.73089;1;0.5919625;0;0
47.74706;1;0.5906794;0;0
47.76363;1;0.5913209;0;0
47.78028;1;0.5906794;0;0
47.79676;1;0.5913209;0;0
47.8143;1;0.5913209;0;0
47.83014;1;0.5913209;0;0
47.84646;1;0.5906794;0;0
47.86317;1;0.5913209;0;0
47.8796;1;0.5906794;0;0
47.89616;1;0.5900685;0;0
47.91273;1;0.5913209;0;0
47.9293;1;0.5919625;0;0
47.94603;1;0.5913209;0;0
47.96243;1;0.5913209;0;0
47.979;1;0.5906794;0;0
47.99581;1;0.5913209;0;0
48.01213;1;0.5906794;0;0
48.0287;1;0.5913209;0;0
48.04527;1;0.5913209;0;0
48.06184;1;0.5894269;0;0
48.07862;1;0.5894269;0;0
48.09557;1;0.5919625;0;0
48.11153;1;0.5913209;0;0
48.1281;1;0.5906794;0;0
48.14466;1;0.5913209;0;0
48.16141;1;0.5913209;0;0
48.1778;1;0.5913209;0;0
48.19436;1;0.5474837;0;0
48.2113;1;0.2748375;0;0
48.2275;1;0;0;0
48.24426;1;0;0;0
48.26115;1;0;0;0
48.2772;1;0;0;0
48.29377;1;0;0;0
48.31033;1;0;0;0
48.32697;1;0;0;0
48.34392;1;0;0;0
48.36003;1;0;0;0
48.37733;1;0;0;0
48.39326;1;0;0;0
48.41022;1;0;0;0
48.42631;1;0;0;0
48.44286;1;0;0;0
48.46006;1;0;0;0
48.476;1;0;0;0
48.49303;1;0;0;0
48.50914;1;0;0;0
48.52594;1;0;0;0
48.54226;1;0;0;0
48.55886;1;0;0;0
48.5754;1;0;0;0
48.59196;1;0;0;0
48.60878;1;0;0;0
48.6251;1;0;0;0
48.6417;1;0;0;0
48.6586;1;0;0;0
48.6748;1;-0.09090444;0;0
48.69151;1;-0.09209583;0;0
48.70845;1;-0.09209583;0;0
48.7245;1;-0.2514679;0;0
48.7413;1;-0.3857595;-0.1115247;0
48.75833;1;-0.4227844;-0.1368495;0
48.77437;1;-0.4233648;-0.1492217;0
48.79076;1;-0.4233648;-0.1633657;0
48.80733;1;-0.4030805;-0.1498327;0
48.82415;1;-0.2341468;-0.1339169;0
48.84116;1;0;0;0
48.85711;1;0;0;0
48.87397;1;0;0;0
48.89016;1;0;0;0
48.90689;1;0;0;0
48.9233;1;0;0;0
48.94082;1;0;0;0
48.95643;1;0;0;0
48.973;1;0;0;0
48.98971;1;0;0;0
49.00613;1;0;0.3914109;0
49.02271;1;0;0.4919769;0
49.03954;1;0;0.5997218;0
49.05583;1;0;0.6238552;0
49.07252;1;0;0.6238552;0
49.08937;1;0;0.6356164;0
49.10553;1;0;0.6356164;0
49.12211;1;0;0.6343028;0
49.13866;1;0;0.6349749;0
49.15524;1;0;0.6330197;0
49.1718;1;0;0.629079;0
49.18911;1;0;0.6303926;0
49.20513;1;0;0.6303926;0
49.2215;1;0;0.6303926;0
49.23806;1;0;0.6310647;0
49.25463;1;0;0.629079;0
49.27121;1;0;0.627796;0
49.28791;1;0;0.6271239;0
49.30433;1;0;0.6245273;0
49.32092;1;0;0.6219001;0
49.33774;1;0;0.6238552;0
49.35405;1;0;0.6232137;0
49.3706;1;0;0.6238552;0
49.38739;1;0;0.6238552;0
49.40375;1;0;0.6238552;0
49.42031;1;0;0.6238552;0
49.43721;1;0;0.6238552;0
49.4542;1;0;0.6212586;0
49.47;1;0;0.6225721;0
49.48716;1;0;0.6212586;0
49.50313;1;0;0.6219001;0
49.52006;1;0;0.620617;0
49.53627;1;0;0.619945;0
49.55298;1;0;0.6219001;0
49.5694;1;0;0.6219001;0
49.58596;1;0;0.619945;0
49.60288;1;0;0.6173483;0
49.6191;1;0;0.6075423;0
49.63576;1;0;0.5918708;0
49.65273;1;0;0.5677068;0
49.6688;1;0;0.5637966;0
49.6857;1;0;0.5644382;0
49.70193;1;0;0.5566177;0
49.71855;1;0;0.5513939;0
49.73554;1;0;0.5318123;0
49.75164;1;0;0.5233198;0
49.7682;1;0;0.5226477;0
49.78476;1;0;0.5233198;0
49.80147;1;0;0.5233198;0
49.81844;1;0;0.5220062;0
49.83447;1;0;0.5220062;0
49.85103;1;0;0.5226477;0
49.8676;1;0;0.5246028;0
49.88448;1;0;0.5239612;0
49.90073;1;0;0.5239612;0
49.91733;1;0;0.5226477;0
49.93441;1;0;0.5246028;0
49.95043;1;0;0.5233198;0
49.96722;1;0;0.5233198;0
49.98421;1;0;0.5246028;0
50.00015;1;0;0.5226477;0
50.01719;1;0;0.5239612;0
50.03326;1;0;0.5233198;0
50.05;1;0;0.5239612;0
50.0664;1;0;0.5233198;0
50.084;1;0;0.5246028;0
50.09954;1;0;0.5246028;0
50.1161;1;0;0.5226477;0
50.13291;1;0;0.5233198;0
50.14923;1;0;0.5233198;0
50.1658;1;0;0.5239612;0
50.18275;1;0;0.5233198;0
50.19893;1;0;0.5239612;0
50.2156;1;0;0.5233198;0
50.23251;1;0;0.5239612;0
50.24863;1;0;0.5233198;0
50.26547;1;0;0.5233198;0
50.28176;1;0;0.5239612;0
50.29836;1;0;0.5239612;0
50.3149;1;0;0.5233198;0
50.33146;1;0;0.5239612;0
50.34822;1;0;0.5233198;0
50.36517;1;0;0.5233198;0
50.38224;1;0;0.5239612;0
50.39773;1;0;0.5239612;0
50.4143;1;0;0.5233198;0
50.43105;1;0;0.5226477;0
50.44743;1;0;0.5226477;0
50.464;1;0;0.5226477;0
50.48056;1;0;0.5226477;0
50.49713;1;0;0.5220062;0
50.51385;1;0;0.5233198;0
50.53027;1;0;0.5252749;0
50.54769;1;0;0.5252749;0
50.5634;1;0;0.5246028;0
50.58062;1;0;0.5233198;0
50.59671;1;0;0.5259164;0
50.6131;1;0;0.52723;0
50.62967;1;0;0.5265885;0
50.64651;1;0;0.5259164;0
50.6628;1;0;0.5265885;0
50.67941;1;0;0.5252749;0
50.69593;1;0;0.5246028;0
50.7125;1;0;0.5233198;0
50.72934;1;0;0.5226477;0
50.74644;1;0;0.5226477;0
50.76234;1;0;0.5226477;0
50.77876;1;0;0.5226477;0
50.79533;1;0;0.5226477;0
50.81221;1;0;0.5233198;0
50.82912;1;0;0.5226477;0
50.84512;1;0;0.5233198;0
50.8621;1;0;0.5226477;0
50.87852;1;0;0.5226477;0
50.89473;1;0;0.5239612;0
50.9115;1;0;0.5226477;0
50.92839;1;0;0.5233198;0
50.94443;1;0;0.5226477;0
50.96135;1;0;0.5226477;0
50.9782;1;0;0.5226477;0
50.99422;1;0;0.5233198;0
51.01117;1;0;0.5233198;0
51.02726;1;0;0.5233198;0
51.04383;1;0;0.5226477;0
51.06112;1;0;0.5239612;0
51.07698;1;0;0.5239612;0
51.09392;1;0;0.5233198;0
51.11087;1;0;0.5233198;0
51.12682;1;0;0.5220062;0
51.14323;1;0;0.5233198;0
51.1598;1;0;0.5226477;0
51.17636;1;0;0.5233198;0
51.19293;1;0;0.5233198;0
51.20961;1;0;0.5233198;0
51.2266;1;0;0.5239612;0
51.24263;1;0;0.5239612;0
51.25947;1;0;0.5239612;0
51.27577;1;0;0.5226477;0
51.29259;1;0;0.5233198;0
51.3089;1;0;0.5226477;0
51.32557;1;0;0.5233198;0
51.34203;1;0;0.5233198;0
51.3586;1;0;0.5239612;0
51.37516;1;0;0.5239612;0
51.39175;1;0;0.5226477;0
51.40869;1;0;0.5226477;0
51.42486;1;0;0.5233198;0
51.44144;1;0;0.5239612;0
51.458;1;0;0.5233198;0
51.47457;1;0;0.5246028;0
51.49137;1;0;0.5252749;0
51.5077;1;0;0.5252749;0
51.52436;1;0;0.5259164;0
51.54083;1;0;0.5259164;0
51.5574;1;0;0.5259164;0
51.57425;1;0;0.5259164;0
51.59053;1;0;0.5252749;0
51.60712;1;0;0.5252749;0
51.62408;1;0;0.5259164;0
51.64104;1;0;0.5259164;0
51.65702;1;0;0.5259164;0
51.67395;1;0;0.5259164;0
51.68995;1;0;0.5259164;0
51.70687;1;0;0.5259164;0
51.72306;1;0;0.5252749;0
51.73977;1;0;0.5252749;0
51.75669;1;0;0.5252749;0
51.77276;1;0;0.5252749;0
51.78961;1;0;0.5259164;0
51.8066;1;0;0.5252749;0
51.82257;1;0;0.5252749;0
51.83903;1;0;0.5252749;0
51.8556;1;0;0.5259164;0
51.87244;1;0;0.5259164;0
51.88873;1;0;0.5252749;0
51.9053;1;0;0.5259164;0
51.92186;1;0;0.5252749;0
51.93843;1;0;0.5259164;0
51.9552;1;0;0.5259164;0
51.97157;1;0;0.5259164;0
51.98813;1;0;0.5259164;0
52.0047;1;0;0.5265885;0
52.02126;1;0;0.5252749;0
52.03798;1;0;0.5259164;0
52.0544;1;0;0.5265885;0
52.07097;1;0;0.5259164;0
52.08778;1;0;0.5252749;0
52.10478;1;0;0.5259164;0
52.12071;1;0;0.5259164;0
52.13771;1;0;0.5259164;0
52.15471;1;0;0.5265885;0
52.17056;1;0;0.5259164;0
52.18693;1;0;0.5259164;0
52.20357;1;0;0.5265885;0
52.2205;1;0;0.5259164;0
52.23665;1;0;0.5278715;0
52.25347;1;0;0.5278715;0
52.27037;1;0;0.5285435;0
52.28727;1;0;0.5285435;0
52.30327;1;0;0.5259164;0
52.31947;1;0;0.5252749;0
52.33615;1;0;0.5265885;0
52.3526;1;0;0.5252749;0
52.36916;1;0;0.5246028;0
52.38605;1;0;0.5252749;0
52.4023;1;0;0.5259164;0
52.41894;1;0;0.5265885;0
52.43592;1;0;0.5252749;0
52.452;1;0;0.5259164;0
52.46883;1;0;0.5252749;0
52.48513;1;0;0.5259164;0
52.50175;1;0;0.5252749;0
52.51826;1;0;0.5252749;0
52.53565;1;0;0.5246028;0
52.5516;1;0;0.5246028;0
52.56796;1;0;0.5259164;0
52.58453;1;0;0.5265885;0
52.60112;1;0;0.5265885;0
52.6181;1;0;0.5259164;0
52.63423;1;0;0.5259164;0
52.65095;1;0;0.5246028;0
52.66736;1;0;0.5246028;0
52.68393;1;0;0.5259164;0
52.7005;1;0;0.5259164;0
52.71724;1;0;0.5259164;0
52.73423;1;0;0.5259164;0
52.75021;1;0;0.5265885;0
52.76676;1;0;0.5259164;0
52.78333;1;0;0.5246028;0
52.8;1;0;0.5220062;0
52.81646;1;0;0.5030661;0
52.83303;1;0;0.4749919;0
52.8496;1;0;0.435798;0
52.86617;1;0;0.4279776;0
52.88278;1;0;0.4031722;0
52.8993;1;0;0.3398144;0
52.91587;1;0;0.3012926;0
52.93281;1;0;0.2693082;0
52.949;1;0;0.2190252;0
52.96556;1;0.1057816;0.1674287;0
52.9826;1;0.1089587;0.1393545;0
52.9987;1;0.128021;0;0
53.01565;1;0.1845664;0;0
53.03183;1;0.2182615;0;0
53.04858;1;0.2424255;0;0
53.06496;1;0.2424255;0;0
53.08154;1;0.2640233;0;0
53.09851;1;0.2608463;0;0
53.11466;1;0.2576692;0;0
53.13137;1;0.2602048;0;0
53.1478;1;0.2602048;0;0
53.16441;1;0.2633818;0;0
53.18093;1;0.2621293;0;0
53.19782;1;0.2653064;0;0
53.21407;1;0.2684834;0;0
53.2309;1;0.3027895;0;0
53.24781;1;0.3479097;0;0
53.26377;1;0.4305437;0;0
53.28068;1;0.5563734;0;0
53.2976;1;0.6021351;0;0
53.31347;1;0.6046707;0;0
53.33044;1;0.6040292;0;0
53.3466;1;0.6046707;0;0
53.36334;1;0.6046707;0;0
53.3803;1;0.6046707;0;0
53.39641;1;0.6053122;0;0
53.41286;1;0.6053122;0;0
53.42943;1;0.6053122;0;0
53.44618;1;0.6046707;0;0
53.46259;1;0.6046707;0;0
53.47913;1;0.6040292;0;0
53.49609;1;0.6040292;0;0
53.51308;1;0.6040292;0;0
53.52897;1;0.6040292;0;0
53.5454;1;0.6046707;0;0
53.56197;1;0.6053122;0;0
53.57853;1;0.6040292;0;0
53.59589;1;0.6040292;0;0
53.61168;1;0.6040292;0;0
53.62823;1;0.6046707;0;0
53.6448;1;0.6034182;0;0
53.66161;1;0.6046707;0;0
53.67793;1;0.6053122;0;0
53.69452;1;0.6053122;0;0
53.71148;1;0.6053122;0;0
53.72763;1;0.6053122;0;0
53.74437;1;0.6046707;0;0
53.76077;1;0.6040292;0;0
53.77733;1;0.6046707;0;0
53.79426;1;0.6046707;0;0
53.81047;1;0.6053122;0;0
53.82717;1;0.6053122;0;0
53.8436;1;0.6034182;0;0
53.86016;1;0.6040292;0;0
53.87704;1;0.6040292;0;0
53.8933;1;0.6046707;0;0
53.90991;1;0.6053122;0;0
53.9269;1;0.6046707;0;0
53.943;1;0.6040292;0;0
53.95978;1;0.6040292;0;0
53.97613;1;0.6046707;0;0
53.99271;1;0.6046707;0;0
54.00963;1;0.6034182;0;0
54.02583;1;0.6034182;0;0
54.04266;1;0.6034182;0;0
54.05896;1;0.6040292;0;0
54.07553;1;0.6040292;0;0
54.09251;1;0.6040292;0;0
54.10867;1;0.6040292;0;0
54.12533;1;0.6034182;0;0
54.1418;1;0.6040292;0;0
54.15836;1;0.6021351;0;0
54.17523;1;0.6034182;0;0
54.19217;1;0.6040292;0;0
54.20814;1;0.6040292;0;0
54.22503;1;0.6040292;0;0
54.2412;1;0.6021351;0;0
54.25796;1;0.6046707;0;0
54.2749;1;0.6034182;0;0
54.2915;1;0.6040292;0;0
54.30748;1;0.6040292;0;0
54.32437;1;0.5970335;0;0
54.34132;1;0.594498;0;0
54.35716;1;0.5887854;0;0
54.37428;1;0.5887854;0;0
54.39031;1;0.5843253;0;0
54.40719;1;0.5805373;0;0
54.42346;1;0.5805373;0;0
54.44008;1;0.5805373;0;0
54.45711;1;0.5805373;0;0
54.47313;1;0.5805373;0;0
54.48971;1;0.5843253;0;0
54.50626;1;0.5824313;0;0
54.52289;1;0.5811483;0;0
54.5394;1;0.5792542;0;0
54.55597;1;0.5786127;0;0
54.57276;1;0.5792542;0;0
54.58973;1;0.5747941;0;0
54.60566;1;0.5773602;0;0
54.62243;1;0.5754356;0;0
54.6388;1;0.5773602;0;0
54.65536;1;0.5773602;0;0
54.67228;1;0.5779712;0;0
54.6885;1;0.5779712;0;0
54.70506;1;0.5779712;0;0
54.72165;1;0.5779712;0;0
54.73866;1;0.5760772;0;0
54.75476;1;0.5754356;0;0
54.77144;1;0.5754356;0;0
54.78844;1;0.5741832;0;0
54.80489;1;0.5735416;0;0
54.82188;1;0.5716171;0;0
54.8376;1;0.5716171;0;0
54.85473;1;0.5716171;0;0
54.87085;1;0.5722587;0;0
54.8873;1;0.5722587;0;0
54.90387;1;0.5703646;0;0
54.92061;1;0.5703646;0;0
54.93758;1;0.5703646;0;0
54.95357;1;0.5703646;0;0
54.97042;1;0.5710061;0;0
54.98742;1;0.5710061;0;0
55.00327;1;0.5690815;0;0
55.02031;1;0.5697231;0;0
55.0364;1;0.5677985;0;0
55.05326;1;0.5690815;0;0
55.07018;1;0.5677985;0;0
55.08618;1;0.5697231;0;0
55.10316;1;0.5697231;0;0
55.11923;1;0.5710061;0;0
55.13608;1;0.5690815;0;0
55.15236;1;0.5697231;0;0
55.16893;1;0.5697231;0;0
55.1855;1;0.5710061;0;0
55.20206;1;0.5722587;0;0
55.21878;1;0.5684401;0;0
55.2352;1;0.5563734;0;0
55.25176;1;0.5550903;0;0
55.2687;1;0.5506607;0;0
55.28562;1;0.537311;0;0
55.30155;1;0.539205;0;0
55.31803;1;0.5233198;0;0
55.3346;1;0.5074345;0;0
55.35143;1;0.4934433;0;0
55.36773;1;0.4032027;0;0
55.38437;1;0.3542639;0;0
55.40127;1;0.2690944;0;0
55.41743;1;0.1782123;0;0
55.43424;1;0.1254854;0;0
55.45057;1;0.1026045;0;0
55.46715;1;0;0;0
55.4837;1;0;0;0
55.50026;1;0;0;0
55.51707;1;0;0;0
55.5334;1;0;0;0
55.54996;1;0;0;0
55.56653;1;0;0;0
55.5831;1;0;0;0
55.59976;1;0;0;0
55.61623;1;0;0;0
55.6328;1;0;0;0
55.64963;1;0;0;0
55.66658;1;0;0;0
55.68268;1;0;0;0
55.6995;1;0;0.114549;0
55.71645;1;0;0.1942198;0
55.73245;1;0;0.2386069;0
55.74938;1;0;0.2803974;0
55.76536;1;0;0.3065164;0
55.78228;1;0;0.3124123;0
55.79846;1;0;0.3136953;0
55.81528;1;0;0.3124123;0
55.83219;1;0;0.3117402;0
55.84816;1;0;0.3097851;0
55.86514;1;0;0.3084715;0
55.8813;1;0;0.3104266;0
55.89798;1;0;0.3117402;0
55.91447;1;0;0.3124123;0
55.931;1;0;0.3117402;0
55.94756;1;0;0.3117402;0
55.96434;1;0;0.3110987;0
55.9807;1;0;0.3110987;0
55.99731;1;0;0.3110987;0
56.01424;1;0;0.3110987;0
56.0304;1;0;0.3110987;0
56.04713;1;0;0.3110987;0
56.06406;1;0;0.3110987;0
56.0801;1;0;0.3124123;0
56.09697;1;0;0.316964;0
56.11399;1;0;0.316964;0
56.12989;1;0;0.316964;0
56.14682;1;0;0.3150089;0
56.16294;1;0;0.3163225;0
56.1795;1;0;0.316964;0
56.19671;1;0;0.316964;0
56.21275;1;0;0.316964;0
56.2292;1;0;0.3156504;0
56.24577;1;0;0.316964;0
56.2627;1;0;0.316964;0
56.2789;1;0;0.316964;0
56.29546;1;0;0.316964;0
56.31252;1;0;0.316964;0
56.3286;1;0;0.316964;0
56.34531;1;0;0.3182776;0
56.36229;1;0;0.3208743;0
56.3783;1;0;0.3202327;0
56.39515;1;0;0.3208743;0
56.41193;1;0;0.3208743;0
56.42801;1;0;0.3208743;0
56.44486;1;0;0.3215463;0
56.4618;1;0;0.3202327;0
56.47771;1;0;0.3202327;0
56.49471;1;0;0.3215463;0
56.51145;1;0;0.3215463;0
56.5274;1;0;0.3221878;0
56.54396;1;0;0.3208743;0
56.56053;1;0;0.3215463;0
56.57716;1;0;0.3215463;0
56.59366;1;0;0.3215463;0
56.61049;1;0;0.3202327;0
56.6268;1;0;0.3208743;0
56.64343;1;0;0.3189192;0
56.66039;1;0;0.3189192;0
56.6765;1;0;0.2973824;0
56.69333;1;0;0.2333831;0
56.7098;1;0;0.1275933;0
56.7268;1;0;0.1080116;0
56.74279;1;0;0;0
56.75968;1;0;0;0
56.7759;1;0;0;0
56.79267;1;0;0;0
56.80903;1;0;0;0
56.8256;1;0;0;0
56.84216;1;0;0;0
56.85888;1;0;0;0
56.8753;1;0;0;0
56.8919;1;0;0;0
56.90843;1;0;0;0
56.925;1;0;0;0
56.94194;1;0;0;0
56.95813;1;0;0;0
56.97482;1;0;0;0
56.99174;1;0;0;0
57.00807;1;0;0;0
57.02441;1;0;0;0
57.04103;1;0;0;0
57.05799;1;0;0;0
57.0741;1;0;0;0
57.09088;1;0;0;0
57.10741;1;0;0;0
57.1238;1;0;-0.1351082;0
57.14037;1;0;-0.1922341;0
57.15718;1;0;-0.1922341;0
57.17413;1;0;-0.1922341;0
57.19012;1;0.1216669;-0.2440751;0
57.20712;1;0.1254854;-0.2434946;0
57.2232;1;0.1267379;-0.230542;0
57.23999;1;0.1286625;-0.2034454;0
57.25703;1;0;0;0
57.27295;1;0;0;0
57.28988;1;0;0;0
57.30603;1;0;0;0
57.32282;1;0;0;0
57.33916;1;0;0;0
57.35575;1;0;0;0
57.3723;1;0;0;0
57.38964;1;0;0;0
57.40559;1;0;0;0
57.42259;1;0;0;0
57.43857;1;0;0;0
57.45513;1;0;0;0
57.4717;1;0;0;0
57.48841;1;0;0;0
57.50483;1;0;0;0
57.5214;1;0;0;0
57.53836;1;0;0;0
57.55453;1;0;0;0
57.57116;1;0;0;0
57.58767;1;0;0;0
57.60423;1;0;0;0
57.62094;1;0;0;0
57.63797;1;0;0;0
57.65393;1;0;0;0
57.67081;1;0;0;0
57.68707;1;0;0;0
57.70374;1;0;0;0
57.72021;1;0;0;0
57.73678;1;0;0;0
57.75333;1;0;0;0
57.77056;1;0;0;0
57.7865;1;0;0;0
57.80348;1;0;0;0
57.8196;1;0;0;0
57.83641;1;0;0;0
57.85342;1;0;0;0
57.86931;1;0;0;0
57.88631;1;0;0;0
57.90243;1;0;0;0
57.91914;1;0;0;0
57.93556;1;0;0;0
57.95214;1;0;0;0
57.96904;1;0;0;0
57.98526;1;0;0;0
58.00183;1;0;0;0
58.01897;1;0;0;0
58.03496;1;0;0;0
58.05153;1;0;0;0
58.0681;1;0;0;0
58.08477;1;0;0;0
58.10123;1;0;0;0
58.1178;1;0;0;0
58.13437;1;0;0;0
58.15095;1;0;0;0
58.16755;1;0;0;0
58.18451;1;0;0;0
58.20063;1;0;0;0
58.21743;1;0;0;0
58.23376;1;0;0;0
58.25035;1;0;0;0
58.2673;1;0;0;0
58.28346;1;0;0;0
58.30003;1;0;0;0
58.31685;1;0;0;0
58.33316;1;0;0;0
58.34974;1;0;0;0
58.3663;1;0;0;0
58.38287;1;0;0;0
