4.431589;1.144946;0;1.980507;89.99422
4.448321;1.144934;0;1.980507;89.9942
4.464723;1.144961;0;1.980507;89.99418
4.481289;1.144949;0;1.980507;89.99416
4.49823;1.144958;0;1.980507;89.99413
4.514422;1.144956;0;1.980507;89.9941
4.531137;1.144951;0;1.980507;89.99407
4.547556;1.144966;0;1.980507;89.99404
4.564122;1.14497;0;1.980507;89.99401
4.580916;1.144951;0;1.980507;89.994
4.597256;1.144954;0;1.980507;89.99397
4.613955;1.144966;0;1.980507;89.99393
4.630389;1.144979;0;1.980507;89.99391
4.646963;1.144965;0;1.980507;89.99387
4.663522;1.144964;0;1.980507;89.99386
4.680851;1.144936;0;1.980507;89.99383
4.696815;1.144944;0;1.980507;89.9938
4.713222;1.144956;0;1.980507;89.99378
4.729789;1.144946;0;1.980507;89.99376
4.746599;1.144954;0;1.980507;89.99374
4.763597;1.144948;0;1.980507;89.99371
4.779558;1.144945;0;1.980507;89.99368
4.796055;1.144968;0;1.980507;89.99364
4.812627;1.144941;0;1.980507;89.99363
4.829189;1.144965;0;1.980507;89.9936
4.846366;1.144973;0;1.980507;89.99357
4.862322;1.144938;0;1.980507;89.99355
4.879294;1.14495;0;1.980507;89.99352
4.895456;1.144954;0;1.980507;89.99348
4.912129;1.144958;0;1.980507;89.99345
4.929159;1.144929;0;1.980507;89.99343
4.945156;1.144965;0;1.980507;89.99342
4.962061;1.144951;0;1.980507;89.99339
4.97829;1.144967;0;1.980507;89.99336
4.994935;1.144943;0;1.980507;89.99334
5.011933;1.144943;0;1.980507;89.99332
5.028938;1.144964;0;1.980507;89.99329
5.044827;1.144956;0;1.980507;89.99325
5.117578;1.144976;0;1.980606;89.99307
5.134703;1.144962;0;1.980507;89.993
5.151634;1.14493;0;1.980507;89.99296
5.167279;1.144926;0;1.980507;89.99294
5.184639;1.14495;0;1.980507;89.9929
5.200553;1.144974;0;1.980507;89.99287
5.216979;1.144965;0;1.980507;89.99284
5.233546;1.144969;0;1.980507;89.99283
5.250471;1.144952;0;1.980507;89.99279
5.26668;1.144938;0;1.980507;89.99276
5.283384;1.144929;0;1.980507;89.99273
5.300366;1.14495;0;1.980507;89.99271
5.317347;1.144933;0;1.980507;89.99268
5.332946;1.144975;0;1.980507;89.99264
5.349514;1.144962;0;1.980507;89.99262
5.36608;1.144959;0;1.980507;89.99259
5.383204;1.144942;0;1.980507;89.99256
5.399212;1.144941;0;1.980507;89.99255
5.415779;1.144958;0;1.980507;89.99251
5.432496;1.144943;0;1.980507;89.99248
5.44951;1.144963;0;1.980507;89.99245
5.465486;1.144957;0;1.980507;89.99243
5.482047;1.144957;0;1.980507;89.9924
5.499315;1.14496;0;1.980507;89.99236
5.515272;1.14495;0;1.980507;89.99233
5.532233;1.144953;0;1.980507;89.99231
5.548314;1.144943;0;1.980507;89.99228
5.565143;1.144929;0;1.980507;89.99224
5.581447;1.144961;0;1.980507;89.99222
5.598213;1.144946;0;1.980507;89.99219
5.614581;1.144964;0;1.980507;89.99217
5.631172;1.144937;0;1.980507;89.99214
5.647713;1.144934;0;1.980507;89.99212
5.664279;1.144915;0;1.980507;89.99211
5.681172;1.144925;0;1.980507;89.99208
5.698166;1.144927;0;1.980507;89.99206
5.714129;1.144943;0;1.980507;89.99205
5.730547;1.144947;0;1.980507;89.99203
5.747113;1.144942;0;1.980507;89.992
5.76368;1.144924;0;1.980507;89.99198
5.780247;1.144952;0;1.980507;89.99194
5.796961;1.144948;0;1.980507;89.99191
5.81338;1.144964;0;1.980507;89.99189
5.829947;1.14497;0;1.980507;89.99187
5.846607;1.144938;0;1.980507;89.99184
5.863611;1.14494;0;1.980507;89.9918
5.879653;1.144947;0;1.980507;89.99178
5.896462;1.144944;0;1.980507;89.99175
5.913465;1.14497;0;1.980507;89.99173
5.929377;1.144947;0;1.980507;89.99171
5.945913;1.144956;0;1.980507;89.99167
5.963348;1.144957;0;1.980507;89.99165
5.979047;1.144955;0;1.980507;89.99162
5.996207;1.144953;0;1.980507;89.99159
6.012179;1.144972;0;1.980507;89.99157
6.029563;1.144951;0;1.980507;89.99154
6.045468;1.144951;0;1.980507;89.99152
6.06188;1.144951;0;1.980507;89.99152
6.078447;1.151811;0;1.998999;89.99149
6.095405;1.163708;0;2.035382;89.99148
6.111801;1.180768;0;2.088629;89.99148
6.128796;1.203091;0;2.158398;89.99147
6.144713;1.230872;0;2.244197;89.99147
6.161294;1.265463;0;2.349187;89.99146
6.178625;1.307116;0;2.473064;89.99146
6.194413;1.355661;0;2.613967;89.99146
6.211068;1.410992;0;2.770787;89.99144
6.228086;1.473022;0;2.941911;89.99145
6.244113;1.541723;0;3.126436;89.99143
6.26068;1.617004;0;3.323134;89.99143
6.277263;1.69883;0;3.530917;89.99141
6.293892;1.787177;0;3.748939;89.9914
6.310802;1.882036;0;3.976212;89.99139
6.326959;1.983407;0;4.212079;89.99136
6.34369;2.091378;0;4.456061;89.99133
6.36008;2.205925;0;4.707401;89.99133
6.376647;2.327072;0;4.965305;89.99133
6.393213;2.454848;0;5.229484;89.99135
6.40978;2.589291;0;5.499181;89.99136
6.426487;2.730363;0;5.773837;89.99136
6.44349;2.878114;0;6.052945;89.99137
6.45948;3.032553;0;6.336111;89.99138
6.476342;3.193778;0;6.622972;89.99136
6.492613;3.361883;0;6.913528;89.99135
6.509247;3.536846;0;7.207017;89.99134
6.526217;3.718729;0;7.503364;89.99132
6.542325;3.907593;0;7.802227;89.99133
6.558881;4.103463;0;8.103266;89.99129
6.575458;4.306522;0;8.406721;89.99129
6.592106;4.516751;0;8.712081;89.99128
6.608588;4.734176;0;9.019117;89.99126
6.625164;4.958861;0;9.327633;89.99128
6.641958;5.190792;0;9.637229;89.99127
6.658867;5.430036;0;9.947894;89.99126
6.674854;5.676735;0;10.25973;89.99127
6.691777;5.931067;0;10.57302;89.99126
6.707983;6.193129;0;10.88772;89.99126
6.724687;6.462972;0;11.20368;89.99126
6.741656;6.74065;0;11.52089;89.99126
6.757681;7.026217;0;11.83916;89.99126
6.774259;7.319687;0;12.15828;89.99125
6.791493;7.62115;0;12.47829;89.99125
6.807471;7.930618;0;12.79897;89.99126
6.824469;8.248144;0;13.12033;89.99126
6.840512;8.573737;0;13.4421;89.99126
6.85747;8.907408;0;13.76414;89.99126
6.873646;9.249206;0;14.08641;89.99126
6.890402;9.599217;0;14.40902;89.99126
6.907385;9.957449;-0.01978234;14.73179;89.99124
6.923417;10.32406;0;15.05509;89.99125
6.940393;10.69901;0;15.37857;89.99126
6.956488;11.08246;0;15.70262;89.99124
6.973464;11.47444;0;16.02717;89.99125
6.989614;11.87506;0;16.35241;89.99126
7.006348;12.28435;0;16.67824;89.99123
7.022746;12.70271;0;17.00587;89.99124
7.039313;13.1322;0;17.34167;89.99126
7.056237;13.57379;0;17.68841;89.99125
7.073186;14.02741;0;18.0451;89.99126
7.089122;14.49317;0;18.41151;89.99126
7.106082;14.97114;0;18.7873;89.99127
7.122818;15.46122;0;19.17153;89.99126
7.138807;15.96332;0;19.56335;89.99126
7.155279;16.47714;0;19.96127;89.99127
7.171845;17.00265;0;20.36474;89.99126
7.188413;17.53913;0;20.771;89.99126
7.204992;18.08656;0;21.17965;89.99125
7.221644;18.64487;0;21.59024;89.99123
7.238112;19.21404;0;22.00247;89.99126
7.254679;19.79399;0;22.41582;89.99124
7.271451;20.38482;0;22.83053;89.99125
7.287812;20.98657;0;23.24648;89.99126
7.304379;21.59932;0;23.66379;89.99123
7.321319;22.22304;0;24.0822;89.99127
7.337512;22.85775;0;24.50162;89.99127
7.354224;23.50363;0;24.92255;89.99126
7.371186;24.16076;0;25.34505;89.99124
7.387213;24.82911;0;25.76888;89.99126
7.403779;25.5087;0;26.19405;89.99125
7.420346;26.19955;0;26.62038;89.99127
7.437009;26.90164;0;27.04778;89.99126
7.454027;27.61499;0;27.47615;89.99122
7.470046;28.33958;0;27.90539;89.99121
7.486612;29.07543;0;28.33541;89.99119
7.503831;29.82252;0;28.76613;89.99116
7.52021;30.58085;0;29.19749;89.99116
7.536313;31.35046;0;29.62951;89.99113
7.553136;32.13133;0;30.06212;89.99112
7.57008;32.92345;0;30.49527;89.9911
7.586043;33.72683;0;30.92885;89.99111
7.602581;34.54147;0;31.36298;89.99108
7.619462;35.36737;0;31.79756;89.9911
7.635712;36.20446;-0.01978234;32.2323;89.99107
7.652299;37.0527;0;32.66718;89.99105
7.669271;37.91211;0;33.10213;89.99106
7.685412;38.78261;0;33.53706;89.99107
7.701979;39.66434;0;33.97239;89.99104
7.718646;40.55717;0;34.40773;89.99102
7.735113;41.46106;0;34.84293;89.991
7.751679;42.37597;0;35.27799;89.99099
7.768539;43.3019;0;35.71289;89.99097
7.784811;44.23885;0;36.14775;89.991
7.801452;45.1868;0;36.58256;89.99099
7.818445;46.14572;0;37.0173;89.991
7.834513;47.11558;0;37.45196;89.99103
7.851293;48.09635;0;37.88653;89.99101
7.867646;49.08801;-0.01978234;38.32099;89.99104
7.884233;50.09052;0;38.75533;89.99107
7.900779;51.10385;0;39.18956;89.99107
7.917346;52.12802;0;39.6239;89.99107
7.933913;53.16297;0;40.05819;89.99109
7.95048;54.20858;0;40.49208;89.99109
7.967047;55.26485;0;40.92582;89.99107
7.983935;56.33176;0;41.3594;89.99107
8.000179;57.4093;0;41.79293;89.99108
8.016747;58.49744;0;42.22652;89.99107
8.033313;59.59609;0;42.65992;89.99107
8.049879;60.70523;0;43.09325;89.99108
8.06675;61.82482;0;43.52648;89.99107
8.083013;62.95486;0;43.95986;89.99106
8.099626;64.09521;0;44.39299;89.99103
8.116146;64.09521;0;44.39299;89.99103
8.133538;66.42117;-0.01978234;45.29241;89.99104
8.149522;66.42117;-0.01978234;45.29241;89.99104
8.165846;67.60651;0;45.75853;89.99102
8.182417;68.80154;0;46.2218;89.99101
8.199364;70.00629;0;46.68254;89.99102
8.215546;71.22063;0;47.14061;89.991
8.23226;72.4446;0;47.59643;89.99101
8.24868;73.67818;0;48.0502;89.99101
8.265246;74.92142;0;48.50252;89.991
8.281813;76.17437;0;48.95399;89.99103
8.299098;77.43697;0;49.40451;89.99102
8.31505;78.7093;0;49.85478;89.99104
8.331997;79.99126;0;50.30468;89.991
8.34808;81.28283;0;50.7543;89.99101
8.364917;82.58395;0;51.20368;89.99099
8.381213;83.89454;0;51.65281;89.99097
8.39783;85.21455;0;52.1017;89.99098
8.414786;86.54395;0;52.55046;89.99097
8.430913;87.88264;0;52.99898;89.99094
8.447704;89.23053;0;53.44714;89.99093
8.464047;90.58756;0;53.89495;89.99091
8.480616;91.95366;0;54.34244;89.99092
8.49718;93.3288;0;54.78983;89.99089
8.513746;94.71291;0;55.23715;89.99088
8.530475;96.1059;-0.02797646;55.68425;89.99085
8.547431;97.50769;0;56.13115;89.99082
8.563452;98.91824;0;56.57795;89.99081
8.580343;100.3374;0;57.02455;89.99075
8.597299;101.7652;0;57.47092;89.99071
8.613259;103.2015;0;57.91695;89.99065
8.629713;104.6462;0;58.36279;89.99062
8.646279;106.0992;0;58.80843;89.99059
8.663123;107.5605;0;59.25388;89.9905
8.680103;109.03;0;59.69914;89.99046
8.696087;110.5076;0;60.14421;89.99045
8.712556;111.9932;0;60.58934;89.99042
8.729113;113.4868;-0.01978234;61.03439;89.99039
8.745679;114.9883;0;61.47938;89.99033
8.762911;116.4976;0;61.92439;89.99035
8.778815;118.0146;0;62.36907;89.99032
8.795381;119.5391;0;62.81366;89.9903
8.811947;121.0712;0;63.25802;89.9903
8.828737;122.6108;0;63.70243;89.99022
8.845674;124.1576;0;64.14649;89.99026
8.861662;125.7117;0;64.59048;89.99025
8.878548;127.273;0;65.03439;89.99022
8.89478;128.8413;0;65.47821;89.99021
8.911485;130.4167;0;65.92194;89.99023
8.928416;131.9989;0;66.36572;89.99022
8.944479;133.588;0;66.80924;89.99023
8.961352;135.1837;-0.01978234;67.25259;89.9902
8.977612;136.786;0;67.69572;89.99016
8.995156;138.3948;0;68.13879;89.99014
9.011726;140.0101;0;68.58189;89.99016
9.028892;141.6317;0;69.02513;89.9901
9.044879;143.2596;0;69.46861;89.99003
9.061792;144.8936;0;69.91265;89.99001
9.078759;146.5338;0;70.35719;89.98999
9.094792;148.18;0;70.80241;89.99
9.111125;149.8322;0;71.24824;89.98994
9.127691;151.4901;0;71.69453;89.98989
9.144583;153.1537;0;72.14098;89.98994
9.16153;154.8228;0;72.58734;89.98985
9.17755;156.4975;0;73.03384;89.98984
9.194516;158.1775;0;73.4804;89.98981
9.210526;159.8627;0;73.92715;89.98976
9.227423;161.5531;0;74.374;89.98979
9.243673;163.2486;0;74.82079;89.9898
9.260371;164.949;0;75.26765;89.98975
9.276793;166.6542;-0.01978234;75.71438;89.98976
9.293359;168.3641;0;76.16094;89.98975
9.309925;170.0786;0;76.60737;89.98967
9.326816;171.7977;0;77.05386;89.9897
9.343114;173.5211;0;77.50023;89.98966
9.360014;175.2489;0;77.94644;89.98956
9.376197;176.9808;0;78.39251;89.98956
9.392941;178.7168;0;78.83857;89.98958
9.409326;180.4567;0;79.2845;89.98949
9.425893;182.2006;0;79.73042;89.98948
9.442459;183.9481;0;80.17622;89.98941
9.459026;185.6993;0;80.62178;89.98937
9.47576;187.454;0;81.0672;89.98944
9.492665;189.2122;0;81.51266;89.98935
9.508783;190.9736;0;81.95821;89.98936
9.52565;192.7383;0;82.40355;89.98936
9.541859;194.506;0;82.84866;89.98934
9.558425;196.2767;0;83.29369;89.98925
9.574992;198.0502;0;83.7384;89.98899
9.591672;199.8265;0;84.18282;89.9889
9.608126;201.6054;0;84.62711;89.98857
9.624693;203.3868;0;85.07123;89.98826
9.641555;205.1706;0;85.51522;89.9879
9.657827;206.9568;0;85.95921;89.98721
9.674422;208.7451;0;86.40306;89.98642
9.691366;210.5355;0;86.84703;89.9856
9.707526;212.3278;0;87.29099;89.98429
9.724237;214.122;0;87.73493;89.98277
9.740661;215.9179;-0.02797646;88.17888;89.98023
9.757226;217.7154;0;88.62259;89.9767
9.774121;219.5145;0;89.06629;89.96993
9.790375;221.3148;-0.04423466;89.51002;89.94968
9.807039;223.1165;-0.4414621;89.95349;89.54987
9.823512;224.9193;-179.9477;89.60311;-89.95686
9.840066;226.7232;-179.972;89.15967;-89.98416
9.857005;228.528;-179.9802;88.71632;-89.99291
9.873193;230.3336;-180;88.27318;-89.99734
9.889872;232.1399;-180;87.83008;-89.9995
9.906839;233.9468;-180;87.38705;-90.00124
9.922917;235.7541;-180;86.94396;-90.00269
9.93946;237.5618;-180;86.50092;-90.00344
9.956026;239.3697;-180;86.05781;-90.00423
9.972642;241.1777;-180;85.61452;-90.00467
9.989162;242.9857;-180;85.17118;-90.00517
10.00575;244.7937;-180;84.72781;-90.00541
10.02249;246.6013;-180;84.28451;-90.00568
10.03913;248.4087;-180;83.84137;-90.006
10.05609;250.2155;-180;83.39842;-90.00636
10.07202;252.0218;-180;82.95551;-90.00652
10.08902;253.8274;-180;82.51272;-90.00677
10.10513;255.6322;-180;82.07008;-90.00673
10.1219;257.4361;-180;81.62755;-90.0069
10.13826;259.2389;-180;81.18512;-90.00693
10.15496;261.0406;-180;80.74289;-90.00703
10.17139;262.841;-180;80.30085;-90.00703
10.18796;264.6401;-180;79.85898;-90.00716
10.20453;266.4377;-180;79.41725;-90.00716
10.22109;268.2336;-180;78.97566;-90.00722
10.23775;270.0278;-180;78.53407;-90.00728
10.25469;271.8201;-180;78.09271;-90.00739
10.27079;273.6106;-180;77.65156;-90.00738
10.28762;275.3989;-180;77.21059;-90.00739
10.30458;277.1851;-180;76.76955;-90.00753
10.32053;277.1851;-180;76.76955;-90.00753
10.33747;280.7507;-180;75.85368;-90.00753
10.35362;280.7507;-180;75.85368;-90.00753
10.3704;282.5296;-180;75.3787;-90.00764
10.38676;284.3057;-180;74.90634;-90.00758
10.40334;286.079;-179.972;74.43664;-90.00761
10.41989;287.8493;-179.972;73.96925;-90.00769
10.4369;289.6165;-180;73.50385;-90.00774
10.45382;291.3803;-180;73.04029;-90.00778
10.46977;293.1408;-179.972;72.57841;-90.0078
10.48616;294.8979;-180;72.11806;-90.00784
10.50272;296.6513;-180;71.65923;-90.00786
10.5193;298.401;-180;71.20179;-90.00796
10.53586;300.1469;-180;70.74577;-90.00796
10.55242;301.8889;-180;70.29099;-90.00799
10.56951;303.6268;-180;69.83729;-90.00803
10.58556;305.3605;-180;69.38429;-90.00809
10.60245;307.0899;-180;68.93195;-90.00813
10.61869;308.8148;-180;68.48011;-90.00813
10.63533;310.5353;-180;68.0287;-90.00815
10.65182;312.2511;-180;67.57782;-90.00818
10.6684;313.9621;-180;67.12741;-90.00821
10.6852;315.6683;-180;66.67756;-90.00821
10.70214;317.3694;-180;66.22809;-90.00826
10.71811;319.0656;-180;65.77885;-90.00826
10.73506;320.7564;-180;65.33004;-90.00832
10.75122;322.4421;-180;64.88164;-90.00835
10.76798;324.1223;-180;64.4336;-90.00838
10.78436;325.797;-180;63.98578;-90.00835
10.80096;327.466;-180;63.53812;-90.00837
10.81784;329.1293;-180;63.09064;-90.0084
10.83406;330.7867;-180;62.64317;-90.00845
10.85062;332.4382;-180;62.19571;-90.00845
10.86719;334.0835;-180;61.74839;-90.00848
10.88379;335.7227;-180;61.30104;-90.00851
10.90079;337.3556;-180;60.85381;-90.00855
10.91689;338.9821;-180;60.40643;-90.00858
10.93366;340.6021;-180;59.95903;-90.00858
10.95062;342.2154;-180;59.51171;-90.00857
10.96661;343.8221;-180;59.06457;-90.00855
10.98316;345.4219;-180;58.61749;-90.00856
10.99972;347.0148;-180;58.17044;-90.00856
11.01643;348.6007;-180;57.7233;-90.00854
11.03286;350.1794;-180;57.27596;-90.00856
11.04943;351.7509;-180;56.82841;-90.00854
11.06635;353.3149;-180;56.38078;-90.00855
11.08256;354.8715;-180;55.93286;-90.00856
11.09929;356.4205;-180;55.48463;-90.00854
11.11569;357.9618;-180;55.03626;-90.00854
11.13226;359.4953;-180;54.58773;-90.00854
11.1492;361.0209;-180;54.13903;-90.00851
11.16539;362.5386;-180;53.6903;-90.00851
11.18211;364.0481;-180;53.24152;-90.00851
11.19853;365.5495;-180;52.79258;-90.00854
11.21509;367.0426;180;52.34347;-90.00855
11.23166;368.5273;180;51.89422;-90.00855
11.24823;370.0034;180;51.4448;-90.00858
11.26493;371.471;180;50.99522;-90.0086
11.28184;372.9299;180;50.54551;-90.00861
11.29793;374.3801;180;50.09565;-90.00861
11.3148;375.8213;180;49.64564;-90.0086
11.33106;377.2534;180;49.19536;-90.00862
11.34766;378.6766;180;48.74497;-90.00864
11.36466;380.0905;180;48.2942;-90.00865
11.38076;381.495;180;47.84296;-90.00864
11.39758;382.89;180;47.39104;-90.00861
11.41453;384.2755;180;46.93872;-90.00866
11.43049;385.6512;180;46.48568;-90.00864
11.44744;387.0173;180;46.03234;-90.00867
11.46359;388.3735;180;45.57855;-90.00867
11.48035;389.7198;180;45.12437;-90.00872
11.49673;391.056;180;44.66991;-90.00875
11.51329;392.3821;180;44.21497;-90.00877
11.53022;393.698;180;43.75981;-90.00882
11.54704;395.0036;180;43.30431;-90.00884
11.56301;396.2988;180;42.84871;-90.00884
11.57956;397.5836;180;42.39303;-90.00884
11.59613;398.8578;180;41.93726;-90.00887
11.61282;400.1215;180;41.48126;-90.00889
11.62926;401.3744;180;41.02506;-90.0089
11.64678;402.6165;180;40.56874;-90.0089
11.66267;403.8476;180;40.11221;-90.00892
11.67896;405.0677;180;39.65548;-90.0089
11.6957;406.2768;180;39.19854;-90.00893
11.71209;407.4747;180;38.7415;-90.00893
11.72924;408.6614;180;38.28428;-90.00893
11.74524;409.8367;180;37.82685;-90.00893
11.76212;411.0006;180;37.36922;-90.00893
11.77836;412.1529;180;36.91138;-90.00893
11.7951;413.2937;180;36.45335;-90.00893
11.81149;414.4227;180;35.995;-90.00893
11.82806;415.54;180;35.53647;-90.0089
11.84497;416.6454;180;35.07763;-90.0089
11.86119;417.7388;180;34.61849;-90.0089
11.87789;418.8202;180;34.15896;-90.00889
11.89485;419.8894;180;33.69905;-90.00889
11.91089;420.9464;180;33.23878;-90.00888
11.92771;421.9911;180;32.77803;-90.00887
11.94403;423.0234;180;32.31696;-90.00887
11.96059;424.0433;180;31.85559;-90.00888
11.97716;425.0507;180;31.39404;-90.00887
11.99372;426.0455;180;30.93229;-90.00887
12.01029;427.0278;180;30.47058;-90.00886
12.02686;427.9973;180;30.0088;-90.00886
12.04345;428.954;180;29.5468;-90.00887
12.05999;429.8979;180;29.0846;-90.00887
12.07658;430.8289;180;28.62217;-90.00887
12.09331;431.7469;180;28.15932;-90.00886
12.10969;432.6516;180;27.69593;-90.00887
12.12626;433.5431;180;27.23214;-90.00889
12.14318;434.4214;180;26.76797;-90.0089
12.1601;435.2864;180;26.30356;-90.0089
12.17607;436.1379;180;25.83869;-90.00893
12.19253;436.9761;180;25.37372;-90.00895
12.20909;437.8007;180;24.90841;-90.00896
12.22597;438.6118;180;24.44289;-90.00896
12.24222;439.4092;180;23.97716;-90.00897
12.25887;440.193;180;23.51112;-90.00899
12.27582;440.9629;180;23.04491;-90.009
12.29193;441.7191;180;22.5785;-90.009
12.30875;442.4614;180;22.11175;-90.009
12.32507;443.1898;180;21.64484;-90.00899
12.34168;443.9041;180;21.17748;-90.009
12.35819;444.6043;180;20.70986;-90.00899
12.37476;445.2905;180;20.24206;-90.00897
12.39133;445.2905;180;20.24206;-90.00897
12.40848;446.6074;180;19.26959;-90.00896
12.42446;446.6074;180;19.26959;-90.00896
12.44102;447.2378;180;18.76484;-90.00895
12.45759;447.8542;180;18.26265;-90.00894
12.47431;448.4565;180;17.76278;-90.00893
12.49073;449.0446;179.9802;17.26542;-90.00893
12.50729;449.6185;180;16.77021;-90.00893
12.52416;450.1781;180;16.27681;-90.00892
12.54043;450.7232;180;15.78508;-90.00894
12.55707;451.2539;179.9802;15.2951;-90.00893
12.57402;451.77;180;14.80632;-90.00893
12.59013;452.2714;180;14.31889;-90.00892
12.60694;452.7582;180;13.83268;-90.00893
12.62326;453.2302;180;13.34747;-90.0089
12.63985;453.6874;180;12.86314;-90.00889
12.65639;454.1297;180;12.37959;-90.00887
12.67296;454.5571;179.9802;11.89676;-90.00887
12.68953;454.9695;180;11.41456;-90.00883
12.70611;455.3669;180;10.93294;-90.0088
12.72278;455.7492;180;10.45193;-90.0088
12.73966;456.1165;180;9.97149;-90.00878
12.7558;456.4686;180;9.491545;-90.00876
12.7726;456.8056;180;9.012056;-90.00874
12.78893;457.1273;180;8.532787;-90.00874
12.80552;457.4338;180;8.053788;-90.00871
12.82251;457.7251;180;7.575332;-90.00871
12.83864;458.0012;180;7.097355;-90.00869
12.85539;458.2619;180;6.619477;-90.00868
12.87238;458.5072;180;6.141748;-90.00867
12.88833;458.7372;180;5.664309;-90.00867
12.90491;458.9519;180;5.18716;-90.00864
12.92146;459.1512;180;4.710313;-90.00864
12.93817;459.335;180;4.233552;-90.00863
12.95507;459.5034;180;3.756818;-90.00861
12.97209;459.6563;180;3.280441;-90.00861
12.98801;459.7938;180;2.804143;-90.00861
13.0043;459.9158;180;2.327929;-90.00861
13.02098;460.0223;180;1.851712;-90.00861
13.03743;460.1133;180;1.375439;-90.00861
13.05438;460.1887;180;0.8991814;-90.00861
13.07134;460.2485;180;0.4233615;-90.00861
13.08737;460.2928;180;-0.05233916;-90.0086
13.10432;460.3215;180;-0.5293413;-90.00859
13.12028;460.3347;180;-1.005415;-90.00857
13.13682;460.3322;180;-1.482001;-90.00858
13.15382;460.3141;180;-1.958647;-90.00858
13.16996;460.2804;180;-2.43534;-90.00856
13.18652;460.231;180;-2.912352;-90.00856
13.2031;460.166;180;-3.389285;-90.00854
13.21969;460.0855;180;-3.866448;-90.00856
13.23664;459.9893;180;-4.343658;-90.00854
13.25359;459.8775;180;-4.821093;-90.00857
13.26936;459.7501;180;-5.298645;-90.00854
13.28592;459.607;180;-5.776416;-90.00857
13.30249;459.4484;180;-6.254293;-90.00855
13.31936;459.274;180;-6.732515;-90.00855
13.33562;459.0841;180;-7.210963;-90.00854
13.35231;458.8786;180;-7.689624;-90.00854
13.36876;458.6574;180;-8.168421;-90.00856
13.38532;458.4207;180;-8.647383;-90.00856
13.40189;458.1685;180;-9.126493;-90.00856
13.41846;457.9007;180;-9.605681;-90.00856
13.43505;457.6174;180;-10.08516;-90.00856
13.45159;457.3185;180;-10.56485;-90.00856
13.46818;457.0041;180;-11.04482;-90.00857
13.48514;456.6742;180;-11.52496;-90.00855
13.50129;456.3288;180;-12.00525;-90.00854
13.51804;455.9679;179.9802;-12.48587;-90.00854
13.53442;455.5916;180;-12.96677;-90.00851
13.55099;455.1998;180;-13.44784;-90.00852
13.56756;454.7927;180;-13.92909;-90.00852
13.58482;454.3701;180;-14.41061;-90.0085
13.60069;453.9323;180;-14.8923;-90.00851
13.61775;453.479;180;-15.37418;-90.0085
13.63382;453.0106;180;-15.85607;-90.0085
13.65066;452.5268;180;-16.33828;-90.00848
13.66696;452.0278;179.9802;-16.82066;-90.00848
13.68356;451.5135;180;-17.30323;-90.0085
13.70051;450.984;180;-17.7862;-90.0085
13.71666;450.4395;180;-18.26935;-90.0085
13.73343;449.8797;180;-18.75289;-90.00848
13.75038;449.3048;179.9802;-19.23658;-90.00848
13.76637;448.7148;180;-19.72055;-90.00848
13.78329;448.1098;180;-20.20478;-90.00848
13.79949;447.4898;180;-20.68939;-90.00848
13.81621;446.8549;180;-21.17414;-90.00847
13.83263;446.205;180;-21.65913;-90.00846
13.84919;445.5403;180;-22.14425;-90.00845
13.86607;444.8607;180;-22.62939;-90.00845
13.88232;444.1665;180;-23.11453;-90.00843
13.89898;443.4576;180;-23.59997;-90.00842
13.91546;442.7339;180;-24.08544;-90.00838
13.93202;441.9956;180;-24.57119;-90.00839
13.94893;441.2428;180;-25.0571;-90.00839
13.96516;440.4754;180;-25.54305;-90.0084
13.98181;439.6935;180;-26.02904;-90.00838
13.99829;438.8972;180;-26.51535;-90.00839
14.01486;438.0866;180;-27.0017;-90.00836
14.03142;437.2616;180;-27.48825;-90.00837
14.04859;436.4223;180;-27.97485;-90.00837
14.06456;435.5688;180;-28.46191;-90.00833
14.08149;434.7011;180;-28.94915;-90.00834
14.09769;433.8192;180;-29.43667;-90.00833
14.11426;432.9232;180;-29.92436;-90.0083
14.13139;432.0133;180;-30.41234;-90.00829
14.14739;431.0894;180;-30.90034;-90.00828
14.16396;430.1517;180;-31.38853;-90.00824
14.18126;429.2002;180;-31.87676;-90.00822
14.19728;428.2349;180;-32.36504;-90.0082
14.21366;427.256;180;-32.85352;-90.0082
14.23023;426.2634;180;-33.3422;-90.00818
14.24705;425.2572;180;-33.83107;-90.00816
14.26336;424.2376;180;-34.32015;-90.00816
14.27996;423.2045;180;-34.80956;-90.00815
14.29692;422.158;180;-35.29924;-90.00813
14.31393;421.0982;180;-35.78922;-90.00812
14.32984;420.0252;180;-36.27924;-90.00809
14.34619;418.9391;180;-36.76941;-90.00809
14.36277;417.8398;180;-37.25986;-90.00809
14.37933;416.7277;180;-37.75036;-90.00809
14.39589;415.6025;180;-38.24101;-90.00806
14.41261;414.4646;180;-38.7317;-90.00809
14.42903;413.314;180;-39.22245;-90.00805
14.44559;412.1506;180;-39.71337;-90.00805
14.46216;412.1506;180;-39.71337;-90.00805
14.47909;409.7748;179.9802;-40.73322;-90.00802
14.49529;409.7748;179.9802;-40.73322;-90.00802
14.51202;408.5626;180;-41.2625;-90.00803
14.52894;407.3384;180;-41.78877;-90.00802
14.54499;406.1022;180;-42.31227;-90.00801
14.56188;404.8541;180;-42.83326;-90.00802
14.57813;403.5941;180;-43.35209;-90.00801
14.5948;402.3224;180;-43.86886;-90.00798
14.61176;401.0389;180;-44.38358;-90.00797
14.62783;399.7438;180;-44.89649;-90.00798
14.64467;398.4384;180;-45.40203;-90.00796
14.66163;397.1241;180;-45.89487;-90.00794
14.67752;395.8075;180;-46.34655;-90.00791
14.69409;394.4882;180;-46.76047;-90.00789
14.71066;393.166;180;-47.13982;-90.00788
14.72746;391.8408;180;-47.48747;-90.00789
14.74379;390.5121;180;-47.80606;-90.00789
14.76036;389.1801;180;-48.09802;-90.0079
14.77734;387.8445;180;-48.36558;-90.00785
14.79349;386.5051;180;-48.61077;-90.00784
14.81023;385.162;180;-48.83546;-90.00784
14.82662;383.815;180;-49.04139;-90.00782
14.8432;382.4641;180;-49.23008;-90.00779
14.8601;381.1094;180;-49.40301;-90.00775
14.87633;379.7507;180;-49.56146;-90.00776
14.89309;378.388;180;-49.70667;-90.00774
14.90946;377.0215;180;-49.83971;-90.00772
14.92603;375.6509;180;-49.96165;-90.00771
14.94259;374.2766;180;-50.07337;-90.00772
14.95991;372.8983;180;-50.17574;-90.00773
14.97586;371.5163;180;-50.26954;-90.00771
14.99282;370.1305;180;-50.35548;-90.00772
15.00888;368.7409;180;-50.43422;-90.00772
15.02574;367.3477;180;-50.50635;-90.00777
15.042;365.9509;180;-50.57244;-90.00777
15.05864;364.5504;180;-50.63298;-90.00777
15.07512;363.1466;180;-50.68844;-90.00782
15.09169;361.7393;180;-50.73924;-90.00783
15.10856;360.3286;180;-50.78578;-90.00785
15.12484;358.9146;180;-50.82842;-90.00788
15.14142;357.4974;-179.972;-50.86745;-90.01004
15.15837;356.077;-179.9344;-50.90321;-90.01415
15.17453;354.6535;-179.8749;-50.93594;-90.02013
15.19131;353.227;-179.761;-50.96591;-90.03136
15.20824;351.7975;-179.5855;-50.99329;-90.04848
15.22423;350.3652;-179.3341;-51.01827;-90.0731
15.24121;348.93;-179.002;-51.041;-90.10568
15.25817;347.4921;-178.5926;-51.06153;-90.14591
15.27428;346.0515;-178.1126;-51.07996;-90.19311
15.29049;344.6083;-177.5618;-51.09631;-90.24738
15.3072;343.1625;-176.9381;-51.11061;-90.3088
15.32426;341.7143;-176.2464;-51.12286;-90.37688
15.34021;340.2637;-175.4907;-51.13303;-90.45132
15.35678;338.8108;-174.6745;-51.1411;-90.53162
15.37333;337.3556;-173.8031;-51.14702;-90.61729
15.39012;335.8982;-172.8804;-51.15078;-90.70784
15.40708;334.4387;-171.9106;-51.15234;-90.8028
15.42304;332.9771;-170.8979;-51.15167;-90.90179
15.43959;331.5135;-169.8457;-51.14876;-91.00429
15.45616;330.048;-168.7576;-51.14356;-91.10992
15.47291;328.5806;-167.6366;-51.13606;-91.21831
15.48982;327.1115;-166.485;-51.12624;-91.32917
15.50586;325.6405;-165.306;-51.11407;-91.44209
15.52242;324.1679;-164.1024;-51.09957;-91.55666
15.53973;322.6937;-162.876;-51.0827;-91.67268
15.55565;321.2179;-161.6287;-51.0635;-91.78983
15.5726;319.7406;-160.3625;-51.04192;-91.90788
15.58964;318.2619;-159.0793;-51.01801;-92.02649
15.60554;316.7817;-157.7804;-50.99177;-92.14548
15.64877;312.3292;-154.163;-50.90887;-92.47105
15.66539;310.8412;-153.031;-50.87999;-92.571
15.6823;309.3523;-151.8712;-50.84885;-92.67226
15.69849;307.8625;-150.6856;-50.81548;-92.77457
15.71524;306.3719;-149.4762;-50.77984;-92.87762
15.73161;304.8805;-148.2452;-50.74197;-92.98117
15.74817;303.3882;-146.9956;-50.70191;-93.08479
15.76517;301.8953;-145.7292;-50.65969;-93.18829
15.78131;301.8953;-145.7292;-50.65969;-93.18829
15.79796;300.4038;-144.3242;-50.6109;-93.30113
15.81508;297.4165;-141.6258;-50.51196;-93.51228
15.83102;297.4165;-141.6258;-50.51196;-93.51228
15.84757;295.9232;-140.2002;-50.45692;-93.62067
15.86493;294.4293;-138.7733;-50.39997;-93.72688
15.88088;292.9348;-137.3454;-50.34117;-93.83083
15.89727;291.4399;-135.9165;-50.28055;-93.93247
15.91384;289.9445;-134.4873;-50.21819;-94.03168
15.9307;288.4487;-133.0577;-50.1541;-94.12843
15.94767;286.9525;-131.628;-50.08835;-94.22259
15.96368;285.4561;-130.1983;-50.02097;-94.31413
15.98011;283.9594;-128.769;-49.95203;-94.40298
15.99668;282.4625;-127.3404;-49.88158;-94.48901
16.01324;280.9655;-125.9127;-49.80968;-94.57224
16.02981;279.4683;-124.4859;-49.73638;-94.6526
16.04647;277.9711;-123.0602;-49.66171;-94.72999
16.06345;276.4739;-121.6357;-49.58575;-94.80445
16.08038;274.9767;-120.2125;-49.50853;-94.87586
16.09639;273.4796;-118.7906;-49.43013;-94.94424
16.11333;271.9826;-117.3702;-49.35057;-95.00951
16.12927;270.4857;-115.9516;-49.26994;-95.07164
16.14624;268.9891;-114.5348;-49.18827;-95.13059
16.16319;267.4927;-113.1197;-49.10564;-95.18636
16.17907;265.9967;-111.7063;-49.02208;-95.23895
16.19599;264.5009;-110.2949;-48.93766;-95.28827
16.21204;263.0056;-108.8856;-48.85242;-95.33432
16.22893;261.5106;-107.4784;-48.76644;-95.37712
16.24517;260.0161;-106.0734;-48.67978;-95.41663
16.26182;258.522;-104.6716;-48.59253;-95.45283
16.27832;257.0285;-103.2729;-48.50477;-95.48572
16.29528;255.5355;-101.8773;-48.41652;-95.51529
16.31144;254.0432;-100.4848;-48.32787;-95.54156
16.32818;252.5514;-99.0955;-48.23885;-95.56456
16.34457;251.0604;-97.70928;-48.14952;-95.58424
16.36114;249.57;-96.32581;-48.05993;-95.60065
16.37771;248.0804;-94.94521;-47.97012;-95.61379
16.39446;246.5915;-93.56726;-47.88013;-95.6237
16.41085;245.1035;-92.19224;-47.79005;-95.63033
16.42743;243.6162;-90.82018;-47.69991;-95.63375
16.44397;242.1298;-89.45086;-47.60978;-95.63399
16.46131;240.6443;-88.08418;-47.51967;-95.63101
16.47731;239.1597;-86.72005;-47.42965;-95.62487
16.49421;237.6761;-85.35856;-47.3398;-95.61559
16.51024;236.1934;-83.99967;-47.25013;-95.60322
16.52714;234.7117;-82.64347;-47.16071;-95.58771
16.54338;233.231;-81.28986;-47.07158;-95.56918
16.56001;231.7514;-79.93858;-46.98278;-95.54759
16.57651;230.2728;-78.58974;-46.89437;-95.52296
16.59307;228.7954;-77.24301;-46.80639;-95.49536
16.60991;227.319;-75.8984;-46.71885;-95.46481
16.62621;225.8437;-74.5562;-46.63186;-95.43136
16.6428;224.3696;-73.2163;-46.54544;-95.395
16.65934;222.8967;-71.87851;-46.45964;-95.35579
16.6767;221.4249;-70.54278;-46.37449;-95.31378
16.69267;219.9544;-69.20911;-46.29005;-95.26895
16.70962;218.4851;-67.87745;-46.20634;-95.2214
16.72561;217.017;-66.54777;-46.12342;-95.1711
16.74217;215.5501;-65.2204;-46.04137;-95.11817
16.75948;214.0845;-63.89499;-45.96018;-95.06267
16.77544;212.6202;-62.57145;-45.87991;-95.00454
16.7924;211.1572;-61.24995;-45.80064;-94.94387
16.80844;209.6954;-59.93045;-45.72238;-94.88068
16.82501;208.235;-58.61255;-45.64514;-94.81505
16.84157;206.7758;-57.2963;-45.56899;-94.74699
16.85829;205.318;-55.98185;-45.49398;-94.67657
16.87471;203.8615;-54.66903;-45.42012;-94.60381
16.89128;202.4064;-53.35778;-45.34743;-94.52875
16.90813;200.9526;-52.0481;-45.276;-94.45144
16.92441;199.5001;-50.73995;-45.20581;-94.37193
16.94099;198.049;-49.43326;-45.13693;-94.29029
16.95754;196.5993;-48.12825;-45.0694;-94.20658
16.97411;195.1508;-46.82467;-45.00323;-94.12081
16.99087;193.7038;-45.52242;-44.93845;-94.03307
17.00782;192.2581;-44.22154;-44.87511;-93.94334
17.02381;190.8137;-42.92193;-44.81323;-93.85174
17.04038;189.3707;-41.62347;-44.75283;-93.75829
17.05694;187.9291;-40.32637;-44.69395;-93.66304
17.07365;186.4888;-39.03048;-44.63662;-93.56603
17.09007;185.0498;-37.73586;-44.58087;-93.46734
17.10664;183.6122;-36.44238;-44.52673;-93.367
17.12354;182.1759;-35.14993;-44.4742;-93.26512
17.13977;180.7409;-33.85858;-44.42332;-93.16165
17.15642;179.3072;-32.56832;-44.37415;-93.05675
17.17292;177.8748;-31.27905;-44.32666;-92.95038
17.18947;176.4438;-29.9908;-44.28091;-92.84267
17.2063;175.014;-28.7037;-44.23691;-92.73367
17.22261;173.5855;-27.41739;-44.19468;-92.62338
17.23924;172.1582;-26.13181;-44.15423;-92.51188
17.25574;170.7322;-24.84694;-44.11558;-92.39926
17.27312;169.3075;-23.56285;-44.07875;-92.28551
17.28887;167.8839;-22.27958;-44.04376;-92.17072
17.30544;166.4616;-20.99695;-44.01062;-92.05499
17.32201;165.0405;-19.71508;-43.97936;-91.93829
17.33857;163.6205;-18.43377;-43.94998;-91.82076
17.35514;162.2017;-17.15301;-43.92252;-91.70236
17.37192;160.7841;-15.87312;-43.89695;-91.58324
17.38827;159.3675;-14.59402;-43.87331;-91.46346
17.40484;157.9521;-13.31518;-43.85162;-91.34299
17.42167;156.5378;-12.03673;-43.83186;-91.22192
17.43797;155.1245;-10.75872;-43.81407;-91.10033
17.45456;153.7122;-9.480998;-43.79823;-90.97824
17.47153;152.301;-8.203534;-43.78434;-90.85575
17.48767;150.8908;-6.926284;-43.77245;-90.73287
17.50424;149.4815;-5.657176;-43.76258;-90.61044
17.52081;148.0732;-4.444662;-43.75497;-90.49321
17.53737;146.6658;-3.333428;-43.74956;-90.38563
17.55428;145.2593;-2.315029;-43.74591;-90.28693
17.57128;143.8537;-1.381685;-43.74367;-90.1964
17.58727;142.449;-0.5260038;-43.74255;-90.11339
17.60418;141.0452;0.2571706;-43.74229;-90.03732
17.62109;139.6422;0.9757847;-43.74271;-89.96758
17.63702;138.24;1.634584;-43.74363;-89.90369
17.65397;136.8387;2.237909;-43.74493;-89.84513
17.67002;135.4381;2.791059;-43.74649;-89.79148
17.68661;134.0383;3.298;-43.74825;-89.74233
17.70304;132.6392;3.762599;-43.75013;-89.69734
17.71961;131.2408;4.188486;-43.75206;-89.65608
17.73646;129.8431;4.578725;-43.75402;-89.61829
17.75274;128.4462;4.936497;-43.75598;-89.58369
17.76937;127.0498;5.264326;-43.75788;-89.55197
17.78617;125.6542;5.564825;-43.75973;-89.52291
17.80244;124.2591;5.840196;-43.76152;-89.49629
17.81901;122.8646;6.092651;-43.76323;-89.47192
17.83557;122.8646;6.092651;-43.76323;-89.47192
17.85217;121.4741;6.323969;-43.76482;-89.44958
17.86889;120.084;6.536001;-43.76633;-89.42911
17.88529;118.6943;6.730301;-43.76777;-89.41035
17.90184;117.305;6.908391;-43.7691;-89.39317
17.91841;115.9162;7.07163;-43.77035;-89.37742
17.93497;114.5277;7.221267;-43.7715;-89.36299
17.95166;113.1396;7.358368;-43.77257;-89.34978
17.96811;111.7519;7.484039;-43.77356;-89.33767
17.98467;110.3645;7.582867;-43.77434;-89.32813
18.00154;108.9775;7.656784;-43.77487;-89.32098
18.01786;107.5909;7.707979;-43.77521;-89.31605
18.03444;106.2046;7.709633;-43.77508;-89.31586
18.05147;104.8136;7.644445;-43.79606;-89.32644
18.06751;103.4169;7.511858;-43.8413;-89.34837
18.08434;102.0141;7.317565;-43.91127;-89.38091
18.10064;100.6048;7.066968;-44.00674;-89.42344
18.11721;99.1898;6.767672;-44.12307;-89.47388
18.13421;97.7699;6.453728;-44.25578;-89.52776
18.15034;96.35127;6.165515;-44.37757;-89.57634
18.16709;94.93378;5.900964;-44.48933;-89.6202
18.18404;93.51729;5.658111;-44.59189;-89.65984
18.20004;92.10168;5.435271;-44.68596;-89.69571
18.21694;90.68687;5.230794;-44.77226;-89.72817
18.23317;89.27276;5.043176;-44.85142;-89.75758
18.2499;87.85925;4.871058;-44.924;-89.78423
18.26631;86.44627;4.713182;-44.99057;-89.80843
18.28287;85.03375;4.568318;-45.05161;-89.83038
18.29973;83.62164;4.435486;-45.10756;-89.85033
18.31669;82.22737;4.307662;-45.08187;-89.86013
18.33264;80.8548;4.183386;-44.96158;-89.85902
18.34958;79.50807;4.06139;-44.73345;-89.84632
18.36571;78.18761;3.941487;-44.40173;-89.82335
18.38251;76.89292;3.824335;-43.97505;-89.79166
18.39884;75.62416;3.710299;-43.45891;-89.75259
18.41558;74.38111;3.599402;-42.86069;-89.70742
18.43251;73.16358;3.49239;-42.18736;-89.65731
18.44854;71.9716;3.3894;-41.44492;-89.60335
18.46511;70.80518;3.290452;-40.63935;-89.54638
18.48167;69.66426;3.195921;-39.77659;-89.48722
18.49831;68.54915;3.10583;-38.86099;-89.42648
18.51526;67.46011;3.020187;-37.89685;-89.36465
18.53137;66.39749;2.938782;-36.88808;-89.30214
18.54794;65.36166;2.861907;-35.8382;-89.23935
18.56517;64.35294;2.789165;-34.75092;-89.17654
18.58112;63.37163;2.720597;-33.62962;-89.11397
18.59808;62.41817;2.656013;-32.47719;-89.05183
18.61508;61.49285;2.595481;-31.29673;-88.99026
18.63099;60.59599;2.538599;-30.09114;-88.92937
18.64794;59.72816;2.485537;-28.86213;-88.86922
18.66391;58.88979;2.435903;-27.61186;-88.80985
18.68081;58.08138;2.3895;-26.34207;-88.75127
18.69704;57.30338;2.346437;-25.05448;-88.69351
18.71378;56.55624;2.306135;-23.7507;-88.63655
18.73017;55.8404;2.268916;-22.43225;-88.58041
18.74676;55.15628;2.234408;-21.10053;-88.52502
18.76331;54.50414;2.202649;-19.75736;-88.4704
18.7806;53.88446;2.173218;-18.40364;-88.4165
18.79662;53.29754;2.146304;-17.04076;-88.36329
18.81301;52.7438;2.121633;-15.66965;-88.31072
18.82957;52.22349;2.09919;-14.29147;-88.25878
18.84614;51.73692;2.078767;-12.90727;-88.20741
18.86342;51.2845;2.060421;-11.5175;-88.15653
18.87938;50.86652;2.044113;-10.12292;-88.10612
18.89634;50.48314;2.029508;-8.724675;-88.05616
18.91241;50.13444;2.016739;-7.32397;-88.00658
18.92934;49.82004;2.005743;-5.923178;-87.95743
18.94625;49.53922;1.996452;-4.525757;-87.90874
18.96222;49.29073;1.988693;-3.136439;-87.86058
18.97867;49.0746;1.982582;-1.755577;-87.81296
18.99621;48.89112;1.977838;-0.382573;-87.76572
19.01181;48.74002;1.97457;0.9809847;-87.71893
19.02909;48.62119;1.972785;2.334981;-87.67247
19.04508;48.53363;1.972289;3.675889;-87.62643
19.06151;48.47702;1.973181;5.002845;-87.58077
19.07807;48.45152;1.975263;6.316741;-87.53544
19.09468;48.45734;1.978431;7.618343;-87.49035
19.11122;48.4946;1.982878;8.908341;-87.44543
19.12777;48.56332;1.988397;10.18704;-87.40061
19.14456;48.66359;1.995079;11.45513;-87.35583
19.16091;48.79548;2.002814;12.71316;-87.31105
19.17752;48.95914;2.011881;13.96202;-87.26617
19.19457;49.15454;2.021682;15.20199;-87.22115
19.21061;49.38164;2.032784;16.43348;-87.17593
19.22717;49.64033;2.045166;17.65657;-87.13047
19.24374;49.93068;2.05833;18.87196;-87.08471
19.2607;50.25252;2.072827;20.07976;-87.03857
19.27766;50.60577;2.088535;21.28024;-86.99201
19.29364;50.99038;2.105149;22.47389;-86.94499
19.31001;51.40614;2.123109;23.6606;-86.89742
19.32665;51.85297;2.142288;24.84089;-86.84928
19.34314;52.33069;2.162565;26.01484;-86.80048
19.35971;52.83916;2.184268;27.18277;-86.75095
19.37652;53.37817;2.207176;28.34478;-86.70065
19.39347;53.94761;2.23134;29.50128;-86.64951
19.40963;54.54724;2.257154;30.65244;-86.59739
19.42658;55.17678;2.284305;31.79807;-86.5443
19.44256;55.83602;2.313;32.93847;-86.49012
19.45911;56.52472;2.343097;34.0738;-86.43479
19.47567;57.24268;2.374958;35.20434;-86.37822
19.49256;57.9896;2.408591;36.33011;-86.3203
19.50881;58.76524;2.444005;37.45136;-86.26093
19.52547;59.56928;2.481202;38.56812;-86.19997
19.54194;60.40148;2.520492;39.68061;-86.13737
19.55852;61.26151;2.562008;40.78886;-86.07296
19.57507;62.14905;2.605492;41.893;-86.00661
19.59226;63.06381;2.651587;42.99326;-85.93817
19.60821;64.00548;2.700087;44.08973;-85.86751
19.62477;64.97367;2.751361;45.18242;-85.79442
19.64134;65.96809;2.805399;46.27156;-85.71873
19.65812;66.98835;2.862591;47.35715;-85.64021
19.67447;68.03409;2.92302;48.43927;-85.55864
19.69107;69.10497;2.986882;49.51815;-85.47384
19.70799;70.2006;3.054604;50.59384;-85.38542
19.72417;71.32058;3.126311;51.66638;-85.29318
19.74096;72.4645;3.202468;52.73572;-85.19672
19.75731;73.63197;3.283305;53.80195;-85.09573
19.77387;74.82256;3.369355;54.86522;-84.98975
19.79044;76.03587;3.461023;55.92557;-84.87834
19.80701;77.27147;3.558755;56.98301;-84.761
19.82368;78.52895;3.663243;58.03784;-84.63712
19.84014;79.80796;3.77512;59.09045;-84.50591
19.85672;81.10804;3.895159;60.1409;-84.3667
19.87358;82.42871;4.024236;61.1891;-84.21861
19.88984;83.7695;4.163301;62.2349;-84.06067
19.90645;85.13;4.313433;63.27875;-83.89171
19.92297;85.13;4.313433;63.27875;-83.89171
19.93954;86.53434;4.490215;64.4065;-83.69479
19.95636;87.95657;4.682325;65.52531;-83.48273
19.97267;89.39625;4.892007;66.63598;-83.25335
19.98936;90.8529;5.12174;67.73883;-83.00416
20.00581;92.32604;5.374324;68.83428;-82.73221
20.02237;93.81517;5.653537;69.92262;-82.43391
20.03894;95.3198;5.963581;71.00413;-82.10489
20.05551;96.83943;6.309816;72.0792;-81.73987
20.0722;98.37357;6.699049;73.14816;-81.33203
20.08864;99.92173;7.139629;74.21127;-80.87292
20.10521;101.4834;7.642391;75.26868;-80.35178
20.12205;103.058;8.221345;76.32063;-79.75464
20.13834;104.6451;8.895012;77.36694;-79.06281
20.15496;106.2441;9.688258;78.40762;-78.25151
20.17147;107.8545;10.63562;79.44219;-77.28619
20.18804;109.4758;11.78577;80.47007;-76.11819
20.20487;111.1074;13.21049;81.49042;-74.67567
20.22117;112.7488;15.01812;82.50131;-72.85033
20.23781;114.3994;17.38097;83.5;-70.46983
20.25431;116.0587;20.58694;84.48129;-67.24625
20.27169;117.726;25.14757;85.43575;-62.66809
20.28768;119.401;32.03096;86.34442;-55.76718
20.30463;121.0829;43.14117;87.16539;-44.63953
20.32059;122.7712;61.7956;87.80092;-25.96767
20.33749;124.4654;89.64806;88.0621;1.902178
20.35371;126.1649;117.6181;87.81282;29.88958
20.37045;127.8691;136.444;87.1871;48.73281
20.38684;129.5774;147.6585;86.37589;59.96464
20.40343;131.2893;154.5977;85.47871;66.92123
20.42036;133.0042;159.1894;84.53838;71.53017
20.43654;134.7214;162.4127;83.57441;74.77083
20.45323;136.4405;164.7865;82.59624;77.16192
20.46967;138.1608;166.601;81.60919;78.99368
20.48715;139.8818;168.0303;80.61617;80.44035
20.5031;141.6029;169.1837;79.61906;81.61105
20.52005;143.3234;170.133;78.61903;82.57774
20.53601;145.0428;170.9276;77.61675;83.38966
20.55303;146.7605;171.6019;76.61281;84.08139
20.56908;148.476;172.1811;75.60754;84.67802
20.58583;150.1886;172.6836;74.60146;85.19804
20.60221;151.8977;173.1236;73.59465;85.65547
20.61878;153.6028;173.5119;72.58729;86.06127
20.63549;155.3033;173.8569;71.57941;86.42385
20.65191;156.9986;174.1655;70.57103;86.75008
20.6685;158.6881;174.443;69.56212;87.04522
20.68536;160.3712;174.6938;68.55272;87.31374
20.70214;162.0474;174.9214;67.54305;87.5592
20.71817;163.7161;175.1289;66.53311;87.78453
20.73508;165.3766;175.3188;65.52277;87.9923
20.75131;167.0285;175.4931;64.51194;88.18462
20.768;168.6711;175.6536;63.50073;88.36324
20.78444;170.3039;175.8019;62.48891;88.5297
20.80102;171.9262;175.9394;61.47635;88.68533
20.81794;173.5375;176.0669;60.4631;88.83121
20.83478;175.1372;176.1856;59.44902;88.96835
20.85081;176.7248;176.2964;58.43414;89.09757
20.86727;178.2996;176.3997;57.41846;89.21967
20.88384;179.8612;176.4966;56.402;89.33524
20.90067;181.409;176.5874;55.38484;89.44484
20.91755;182.9424;176.6726;54.36697;89.54901
20.93358;184.4608;176.7528;53.34829;89.64823
20.95054;185.9639;176.8281;52.3288;89.74289
20.96667;187.4509;176.8992;51.30847;89.83332
20.98345;188.9213;176.9664;50.28729;89.9199
21.00041;190.3747;177.0296;49.26529;90.00289
21.01637;191.8105;177.0896;48.24241;90.0826
21.03294;193.2282;177.1462;47.21878;90.1592
21.04951;194.6272;177.2;46.19439;90.23299
21.06623;196.0072;177.2508;45.16918;90.30411
21.08322;197.3675;177.2991;44.14317;90.37276
21.09921;198.7076;177.345;43.1162;90.43914
21.11577;200.0272;177.3884;42.0884;90.50335
21.13234;201.3256;177.4297;41.05972;90.56557
21.14906;202.6024;177.4689;40.03014;90.62595
21.16547;203.8571;177.5062;38.99958;90.68456
21.18204;205.0892;177.5417;37.96797;90.74157
21.19888;206.2984;177.5754;36.93546;90.79704
21.21517;207.484;177.6073;35.9019;90.85105
21.23177;208.6457;177.638;34.86739;90.90373
21.24874;209.7831;177.6669;33.83179;90.95518
21.2657;210.8956;177.6945;32.79512;91.00542
21.28165;211.9829;177.7208;31.75734;91.05457
21.29861;213.0446;177.7457;30.71846;91.10266
21.31457;214.0801;177.7694;29.67836;91.1498
21.33152;215.0892;177.7919;28.63723;91.19601
21.34771;216.0714;177.8133;27.59499;91.24138
21.36443;217.0264;177.8336;26.55149;91.28593
21.38139;217.9537;177.8529;25.50686;91.3297
21.39741;218.853;177.8709;24.46118;91.37281
21.4143;219.724;177.8882;23.41433;91.41521
21.43125;220.5662;177.9044;22.36629;91.45701
21.44726;221.3794;177.9196;21.31705;91.49822
21.46367;222.1632;177.9343;20.26651;91.5389
21.48024;222.9173;177.9476;19.21477;91.57909
21.49705;223.6414;177.9604;18.1618;91.61883
21.51337;224.3351;177.9723;17.10753;91.65812
21.53096;224.9982;177.9835;16.05203;91.69701
21.54687;225.6303;177.9937;14.99499;91.73553
21.56383;226.2312;178.0033;13.93639;91.77374
21.57978;226.8005;178.012;12.87619;91.81165
21.59621;227.3379;178.02;11.81436;91.84931
21.61326;227.8435;178.0273;10.75142;91.88673
21.62934;228.317;178.034;9.687406;91.9239
21.64614;228.7581;178.0397;8.622133;91.9609
21.66249;229.1667;178.045;7.555748;91.9977
21.67905;229.5426;178.0495;6.488394;92.03439
21.69598;229.8856;178.0533;5.419927;92.07095
21.71294;230.1954;178.0562;4.350192;92.10741
21.72889;230.472;178.0586;3.279128;92.14382
21.74531;230.7152;178.0605;2.206821;92.18018
21.76187;230.9248;178.0615;1.133324;92.21655
21.77876;231.1008;178.0619;0.05595291;92.25294
21.79502;231.243;178.0615;-1.017411;92.28935
21.81169;231.3514;178.0606;-2.094524;92.32583
21.82814;231.4258;178.0589;-3.172866;92.36241
21.84471;231.4662;178.0566;-4.252339;92.39907
21.86154;231.4726;178.0534;-5.332926;92.43592
21.87784;231.4448;178.0497;-6.414843;92.47292
21.89447;231.3828;178.0453;-7.498236;92.51013
21.91142;231.2865;178.04;-8.58307;92.54757
21.92754;231.156;178.0339;-9.669265;92.58528
21.94411;230.9913;178.0271;-10.75676;92.62327
21.96067;230.7924;178.0198;-11.84533;92.66158
21.97725;230.5594;178.0115;-12.93502;92.70023
21.99381;230.5594;178.0115;-12.93502;92.70023
22.01037;230.2565;178.0014;-14.11841;92.74259
22.02711;229.9207;177.9907;-15.29555;92.78516
22.04351;229.5518;177.9789;-16.46714;92.82803
22.06007;229.1499;177.9662;-17.63388;92.87122
22.07664;228.7149;177.9525;-18.7962;92.91482
22.09321;228.247;177.9381;-19.95436;92.95888
22.10989;227.7463;177.9224;-21.10836;93.00341
22.1269;227.214;177.9057;-22.25531;93.04836
22.14291;226.6515;177.8883;-23.39091;93.0936
22.16005;226.0609;177.8697;-24.50924;93.13893
22.17604;225.4425;177.8505;-25.61048;93.18436
22.19296;224.7977;177.8306;-26.69172;93.22977
22.20989;224.1295;177.8099;-27.7434;93.27479
22.22585;223.4398;177.7888;-28.76124;93.31918
22.24276;222.7299;177.7676;-29.74237;93.36281
22.25887;222.0023;177.7461;-30.68093;93.40535
22.2757;221.259;177.7442;-31.57132;93.44489
22.2926;220.5012;177.7614;-32.41258;93.481
22.30858;219.7354;177.8004;-33.18367;93.51218
22.32514;218.961;177.8702;-33.8905;93.53762
22.34199;218.1775;177.975;-34.53843;93.55683
22.35893;217.3847;178.1171;-35.13238;93.56958
22.3749;216.582;178.2934;-35.67687;93.576
22.39141;215.7694;178.5056;-36.17601;93.57597
22.40797;214.9465;178.751;-36.63355;93.56989
22.42454;214.1134;179.0256;-37.05293;93.55808
22.44111;213.2698;179.328;-37.4373;93.54091
22.45781;212.4156;179.6568;-37.78952;93.51875
22.47477;211.551;-180;-38.11227;93.49192
22.49081;210.6759;-179.6154;-38.40793;93.46089
22.50762;209.7903;-179.2199;-38.67872;93.42596
22.52457;208.8943;-178.8042;-38.92668;93.38747
22.54053;207.9879;-178.3629;-39.15363;93.34519
22.55747;207.0712;-177.8906;-39.36127;93.29881
22.57364;206.1445;-177.373;-39.55107;93.24739
22.59039;205.2077;-176.7899;-39.72434;93.18928
22.60734;204.2611;-176.1374;-39.88226;93.12424
22.62336;203.3047;-175.4206;-40.0259;93.05281
22.63991;202.3389;-174.6449;-40.15627;92.97546
22.65727;201.3636;-173.815;-40.27424;92.89272
22.67331;200.3791;-172.9353;-40.38066;92.80515
22.69026;199.3857;-172.0097;-40.47628;92.7132
22.70624;198.3833;-171.042;-40.56176;92.61736
22.72317;197.3724;-170.0356;-40.63774;92.51812
22.73931;196.353;-168.9939;-40.70481;92.41589
22.75609;195.3253;-167.9197;-40.7635;92.3111
22.77304;194.2895;-166.8157;-40.81427;92.20417
22.78901;193.2459;-165.6847;-40.85763;92.09546
22.80557;192.1946;-164.5288;-40.89396;91.98529
22.82214;191.1358;-163.3502;-40.92365;91.87402
22.83886;190.0698;-162.1508;-40.94709;91.7619
22.85527;188.9967;-160.9322;-40.96458;91.64926
22.87185;187.9166;-159.6959;-40.97645;91.53629
22.88841;186.8299;-158.4437;-40.98299;91.42329
22.90569;185.7367;-157.1769;-40.98448;91.31045
22.92167;184.6372;-155.8969;-40.98116;91.19798
22.93864;183.5316;-154.6046;-40.97327;91.08608
22.95467;182.42;-153.3013;-40.96101;90.97495
22.97157;181.3026;-151.9879;-40.94463;90.86467
22.98781;180.1797;-150.6651;-40.92429;90.75546
23.00448;179.0515;-149.3337;-40.90016;90.64746
23.02094;177.918;-147.9945;-40.87244;90.54073
23.03753;176.7795;-146.6482;-40.84127;90.43543
23.05441;175.6361;-145.2957;-40.80681;90.33173
23.07137;174.488;-143.9376;-40.76923;90.22966
23.08731;173.3354;-142.5743;-40.72863;90.12935
23.10427;172.1785;-141.2065;-40.68515;90.03087
23.12034;171.0173;-139.8344;-40.63891;89.93431
23.13725;169.8521;-138.4584;-40.59003;89.83974
23.15413;168.683;-137.0794;-40.53861;89.74728
23.17011;167.5102;-135.6976;-40.48479;89.65697
23.18705;166.3338;-134.3132;-40.42865;89.56883
23.20317;165.154;-132.9266;-40.3703;89.48301
23.21996;163.9709;-131.5379;-40.30978;89.39946
23.23691;162.7847;-130.1474;-40.24725;89.31828
23.25288;161.5955;-128.7556;-40.18275;89.23954
23.26984;160.4033;-127.3626;-40.11642;89.16323
23.28601;159.2085;-125.9685;-40.04828;89.08945
23.30279;158.0111;-124.5736;-39.97844;89.01817
23.31914;156.8111;-123.1783;-39.90697;88.94951
23.33572;155.6089;-121.7827;-39.83397;88.88344
23.35227;154.4044;-120.387;-39.75951;88.82004
23.36884;153.1978;-118.9912;-39.68364;88.7593
23.38557;151.9892;-117.5953;-39.60643;88.70123
23.40197;150.7788;-116.1996;-39.52795;88.64594
23.41854;149.5666;-114.8041;-39.44829;88.59334
23.43511;148.3527;-113.4091;-39.3675;88.54351
23.4517;147.1373;-112.0145;-39.28566;88.49648
23.46836;145.9205;-110.6209;-39.20283;88.45222
23.48531;144.7023;-109.2278;-39.11907;88.4108
23.50137;143.4829;-107.8355;-39.03443;88.3722
23.51794;142.2623;-106.4438;-38.94899;88.33642
23.53451;141.0407;-105.0529;-38.86281;88.30347
23.55108;139.8182;-103.6633;-38.77596;88.27341
23.56809;138.5948;-102.2743;-38.68848;88.24615
23.58421;137.3707;-100.8864;-38.60044;88.22177
23.60126;136.1458;-99.4995;-38.5119;88.20023
23.61734;134.9203;-98.11354;-38.42292;88.18152
23.63391;133.6944;-96.73001;-38.33365;88.16571
23.65049;132.468;-95.3493;-38.24416;88.15274
23.66739;131.2412;-93.97234;-38.15457;88.14259
23.68435;130.0141;-92.599;-38.06494;88.13532
23.70029;128.7868;-91.22988;-37.97536;88.13082
23.71674;127.5593;-89.86549;-37.88591;88.12908
23.73331;126.3318;-88.50555;-37.79665;88.13012
23.74987;125.1043;-87.14979;-37.70758;88.13387
23.76644;123.8767;-85.79794;-37.61879;88.1403
23.78368;122.6493;-84.44981;-37.53027;88.14938
23.79959;121.4221;-83.10448;-37.44202;88.16112
23.81614;120.1951;-81.76212;-37.35412;88.17544
23.83292;118.9684;-80.4229;-37.26661;88.19233
23.84927;117.7421;-79.08698;-37.17955;88.21178
23.8659;116.5161;-77.7543;-37.09301;88.23373
23.88289;115.2906;-76.4246;-37.00699;88.25817
23.8991;114.0655;-75.09851;-36.9216;88.28503
23.91554;112.841;-73.77541;-36.83683;88.31433
23.93211;111.6171;-72.45543;-36.75274;88.34599
23.94905;110.3938;-71.1381;-36.66934;88.38001
23.96524;109.1711;-69.82326;-36.58665;88.41637
23.98195;107.9492;-68.51068;-36.50474;88.45501
23.99837;106.728;-67.20025;-36.42361;88.49591
24.01587;105.5076;-65.89188;-36.3433;88.53905
24.03186;104.2881;-64.5855;-36.26387;88.58443
24.04877;103.0693;-63.28138;-36.18536;88.63195
24.06473;101.8515;-61.9795;-36.10782;88.68159
24.08121;101.8515;-61.9795;-36.10782;88.68159
24.09864;99.4224;-59.28403;-35.95011;88.79128
24.1146;99.4224;-59.28403;-35.95011;88.79128
24.13091;98.21129;-57.89047;-35.87015;88.85156
24.14752;97.00101;-56.50801;-35.79195;88.91373
24.16446;95.7916;-55.1358;-35.71551;88.97771
24.18142;94.58309;-53.77287;-35.64076;89.0435
24.19746;93.37552;-52.41849;-35.56772;89.11101
24.2143;92.16891;-51.07239;-35.49636;89.18022
24.23035;90.96327;-49.73386;-35.42671;89.25105
24.24732;89.75865;-48.40234;-35.35872;89.32345
24.26413;88.55505;-47.07731;-35.29239;89.39742
24.28015;87.35251;-45.75811;-35.22772;89.47291
24.29709;86.15102;-44.44431;-35.1647;89.54989
24.31314;84.95062;-43.13586;-35.10335;89.62828
24.32971;83.75132;-41.83224;-35.04365;89.70808
24.34694;82.55312;-40.53344;-34.98565;89.78922
24.36289;81.35603;-39.23883;-34.92932;89.87164
24.37941;80.16007;-37.94836;-34.87465;89.95539
24.39597;78.96525;-36.66134;-34.82168;90.04032
24.41281;77.77156;-35.37753;-34.77037;90.1265
24.42911;76.57902;-34.09646;-34.72074;90.21385
24.44572;75.38761;-32.81828;-34.67282;90.30232
24.46224;74.19736;-31.54265;-34.62661;90.39191
24.47963;73.00825;-30.26941;-34.58211;90.48255
24.49558;71.82028;-28.99813;-34.53933;90.57424
24.5125;70.63346;-27.72843;-34.49825;90.66695
24.52851;69.44778;-26.46092;-34.45895;90.76054
24.54551;68.26322;-25.19766;-34.42147;90.85487
24.56424;67.07979;-23.93852;-34.38581;90.9499
24.58144;65.89747;-22.68398;-34.35201;91.04544
24.59738;64.71626;-21.43614;-34.32008;91.14137
24.61429;63.53614;-20.19409;-34.29002;91.2377
24.6309;62.35711;-18.96026;-34.26188;91.33411
24.6479;61.17915;-17.73686;-34.23566;91.43041
24.66384;60.00225;-16.5256;-34.21139;91.52644
24.68021;58.82639;-15.342;-34.18929;91.6208
24.69685;57.65154;-14.19262;-34.1694;91.71298
24.71334;56.47769;-13.09022;-34.15174;91.80182
24.72991;55.30482;-12.04744;-34.13638;91.88622
24.74682;54.13293;-11.06893;-34.12312;91.9657
24.76304;52.96199;-10.1535;-34.11175;92.04032
24.7798;51.79199;-9.314624;-34.10221;92.10886
24.79671;50.62292;-8.545805;-34.09423;92.17182
24.81274;49.45476;-7.841273;-34.08754;92.22964
24.82968;48.28751;-7.195574;-34.08195;92.28272
24.84588;47.12113;-6.603875;-34.07729;92.3314
24.86304;45.95563;-6.061554;-34.07338;92.37608
24.87901;44.79098;-5.564543;-34.07015;92.41705
24.8959;43.62716;-5.109139;-34.06743;92.45464
24.91214;42.46415;-4.691603;-34.06519;92.48911
24.92886;41.30194;-4.309026;-34.06333;92.52073
24.94528;40.1405;-3.958492;-34.06181;92.54972
24.96189;38.97982;-3.637119;-34.06055;92.57629
24.97841;37.81987;-3.342519;-34.05954;92.60066
24.99573;36.66064;-3.072751;-34.05872;92.623
25.01164;35.5081;-2.824592;-34.03564;92.64209
25.0286;34.36616;-2.596009;-33.9766;92.65752
25.04468;33.23681;-2.385155;-33.87589;92.66944
25.06151;32.12189;-2.190799;-33.72886;92.67813
25.07846;31.02236;-2.011297;-33.53426;92.68395
25.09442;29.93818;-1.84589;-33.29495;92.68745
25.11094;28.86912;-1.693388;-33.01443;92.68913
25.12751;27.81485;-1.55293;-32.69637;92.68939
25.14408;26.77514;-1.423816;-32.34407;92.68858
25.16065;25.74974;-1.304763;-31.96077;92.68694
25.17721;24.73849;-1.19534;-31.54931;92.68475
25.19378;23.7414;-1.095037;-31.1117;92.68217
25.21056;22.75852;-1.002492;-30.64984;92.67928
25.22691;21.78986;-0.9174925;-30.16565;92.67621
25.24348;20.83541;-0.8395343;-29.66113;92.67307
25.26034;19.89519;-0.7682129;-29.13798;92.66993
25.27661;18.96923;-0.7024865;-28.5979;92.66685
25.29329;18.0576;-0.6425489;-28.0423;92.66382
25.30974;17.16038;-0.5868416;-27.4725;92.66092
25.32631;16.27767;-0.5366834;-26.88972;92.65813
25.34321;15.40959;-0.4893896;-26.29506;92.6555
25.35944;14.55626;-0.4476244;-25.68951;92.65303
25.37608;13.7178;-0.4083038;-25.07402;92.65073
25.39303;12.89443;-0.3727285;-24.4492;92.64859
25.40914;12.08653;-0.3397734;-23.81496;92.64656
25.42594;11.29427;-0.309643;-23.17212;92.64468
25.4429;10.51776;-0.2832403;-22.52144;92.64297
25.45885;9.757048;-0.2571706;-21.86399;92.6414
25.47581;9.012362;-0.2332305;-21.20013;92.63995
25.49198;8.283894;-0.2130625;-20.53029;92.63863
25.50854;7.571793;-0.1928145;-19.85504;92.6374
25.52511;6.876215;-0.174713;-19.17486;92.6363
25.54168;6.197239;-0.1594904;-18.49048;92.63529
25.55859;5.535098;-0.14537;-17.80203;92.63441
25.57481;4.889947;-0.132704;-17.10991;92.63359
25.5915;4.261939;-0.1170339;-16.41448;92.63287
25.60796;3.651225;-0.1065312;-15.71608;92.63223
25.62451;3.057956;-0.09891172;-15.01504;92.63162
25.64137;2.48228;-0.08846933;-14.31159;92.63112
25.65764;1.924421;-0.07661668;-13.60577;92.63068
25.67428;1.384676;-0.06852804;-12.89736;92.63026
25.69132;1.402773;0.8343908;-6.280633;92.75314
25.70734;1.273872;2.125596;-1.748317;93.07066
25.72414;1.146588;3.340292;2.430755;93.45567
25.74048;1.173697;2.676788;2.128448;93.43964
25.75712;1.184763;2.126056;2.155767;93.41125
25.77361;1.208762;1.617131;2.31579;93.3765
25.79018;1.244726;1.150631;2.504522;93.34444
25.80688;1.292793;0.7230757;2.720597;93.31442
25.82388;1.353055;0.3310224;2.962666;93.2859
25.83989;1.425641;-0.02797646;3.229254;93.25842
25.8568;1.510601;-0.3588198;3.519142;93.23157
25.87301;1.608082;-0.6611602;3.831088;93.20511
25.88971;1.718206;-0.9387863;4.163913;93.17873
25.90666;1.841101;-1.193374;4.516703;93.15224
25.92271;1.976833;-1.427247;4.888121;93.12543
25.93957;2.12557;-1.641991;5.277375;93.09823
25.95584;2.287351;-1.839092;5.683238;93.07046
25.97244;2.462315;-2.020326;6.10493;93.04209
25.98898;2.649517;-2.186865;6.538161;93.01317
26.00554;2.84586;-2.340005;6.972292;92.98404
26.02229;3.046149;-2.480966;7.390642;92.95541
26.03868;3.249725;-2.61037;7.791503;92.92746
26.05524;3.451302;-2.729433;8.158849;92.90098
26.07181;3.65134;-2.838625;8.495465;92.87604
26.08859;3.850248;-2.939049;8.803928;92.85262
26.10494;4.048397;-3.031186;9.086618;92.83062
26.12151;4.246115;-3.115773;9.345673;92.81004
26.13808;4.443697;-3.193531;9.58306;92.79082
26.15464;4.641406;-3.264828;9.800605;92.77294
26.17137;4.839472;-3.330313;9.999988;92.75628
26.18778;5.038103;-3.390325;10.18271;92.7408
26.20439;5.237481;-3.445601;10.35018;92.72646
26.22141;5.437765;-3.4962;10.50363;92.71314
26.23748;5.639095;-3.542598;10.64425;92.70083
26.25429;5.841594;-3.585285;10.77318;92.68943
26.2712;6.045366;-3.62423;10.8913;92.67889
26.28717;6.250504;-3.660195;10.99956;92.66917
26.30418;6.457083;-3.693054;11.09881;92.66019
26.32031;6.665169;-3.723259;11.18977;92.65187
26.3371;6.874817;-3.750871;11.27311;92.64423
26.3539;7.08607;-3.776209;11.34951;92.63719
26.37001;7.298965;-3.799575;11.41955;92.63073
26.387;7.513529;-3.820903;11.48371;92.62478
26.40314;7.729783;-3.84043;11.54257;92.61929
26.41971;7.947742;-3.858336;11.59649;92.61424
26.43697;8.159696;-3.874492;11.62146;92.61132
26.45286;8.362606;-3.888769;11.60945;92.61104
26.46941;8.362606;-3.888769;11.60945;92.61104
26.48609;8.550703;-3.900836;11.52846;92.61565
26.50254;8.727485;-3.889273;11.40964;92.62442
26.51911;8.893233;-3.855239;11.25615;92.63705
26.53592;9.048903;-3.800451;11.07311;92.65289
26.55224;9.196216;-3.726307;10.8679;92.67127
26.56921;9.347132;-3.658429;10.67981;92.68787
26.58538;9.501339;-3.596354;10.5074;92.70289
