4.431589;1;0;0;0
4.448321;1;0;0;0
4.464723;1;0;0;0
4.481289;1;0;0;0
4.49823;1;0;0;0
4.514422;1;0;0;0
4.531137;1;0;0;0
4.547556;1;0;0;0
4.564122;1;0;0;0
4.580916;1;0;0;0
4.597256;1;0;0;0
4.613955;1;0;0;0
4.630389;1;0;0;0
4.646963;1;0;0;0
4.663522;1;0;0;0
4.680851;1;0;0;0
4.696815;1;0;0;0
4.713222;1;0;0;0
4.729789;1;0;0;0
4.746599;1;0;0;0
4.763597;1;0;0;0
4.779558;1;0;0;0
4.796055;1;0;0;0
4.812627;1;0;0;0
4.829189;1;0;0;0
4.846366;1;0;0;0
4.862322;1;0;0;0
4.879294;1;0;0;0
4.895456;1;0;0;0
4.912129;1;0;0;0
4.929159;1;0;0;0
4.945156;1;0;0;0
4.962061;1;0;0;0
4.97829;1;0;0;0
4.994935;1;0;0;0
5.011933;1;0;0;0
5.028938;1;0;0;0
5.044827;1;0;0;0
5.117578;1;0;0;0
5.134703;1;0;0;0
5.151634;1;0;0;0
5.167279;1;0;0;0
5.184639;1;0;0;0
5.200553;1;0;0;0
5.216979;1;0;0;0
5.233546;1;0;0;0
5.250471;1;0;0;0
5.26668;1;0;0;0
5.283384;1;0;0;0
5.300366;1;0;0;0
5.317347;1;0;0;0
5.332946;1;0;0;0
5.349514;1;0;0;0
5.36608;1;0;0;0
5.383204;1;0;0;0
5.399212;1;0;0;0
5.415779;1;0;0;0
5.432496;1;0;0;0
5.44951;1;0;0;0
5.465486;1;0;0;0
5.482047;1;0;0;0
5.499315;1;0;0;0
5.515272;1;0;0;0
5.532233;1;0;0;0
5.548314;1;0;0;0
5.565143;1;0;0;0
5.581447;1;0;0;0
5.598213;1;0;0;0
5.614581;1;0;0;0
5.631172;1;0;0;0
5.647713;1;0;0;0
5.664279;1;0;0;0
5.681172;1;0;0;0
5.698166;1;0;0;0
5.714129;1;0;0;0
5.730547;1;0;0;0
5.747113;1;0;0;0
5.76368;1;0;0;0
5.780247;1;0;0;0
5.796961;1;0;0;0
5.81338;1;0;0;0
5.829947;1;0;0;0
5.846607;1;0;0;0
5.863611;1;0;0;0
5.879653;1;0;0;0
5.896462;1;0;0;0
5.913465;1;0;0;0
5.929377;1;0;0;0
5.945913;1;0;0;0
5.963348;1;0;0;0
5.979047;1;0;0;0
5.996207;1;0;0;0
6.012179;1;0;0;0
6.029563;1;0;0;0
6.045468;1;0;0;0
6.06188;1;0;0.09887762;0
6.078447;1;0;0.1021463;0
6.095405;1;0;0.1066981;0
6.111801;1;0;0.1106388;0
6.128796;1;0;0.1158626;0
6.144713;1;0;0.1400266;0
6.161294;1;0;0.1465334;0
6.178625;1;0;0.1458919;0
6.194413;1;0;0.1458919;0
6.211068;1;0;0.1458919;0
6.228086;1;0;0.1465334;0
6.244113;1;0;0.1458919;0
6.26068;1;0;0.1458919;0
6.277263;1;0;0.1458919;0
6.293892;1;0;0.1458919;0
6.310802;1;0;0.1458919;0
6.326959;1;0;0.1472055;0
6.34369;1;0;0.1465334;0
6.36008;1;0;0.1465334;0
6.376647;1;0;0.1465334;0
6.393213;1;0;0.1465334;0
6.40978;1;0;0.1452504;0
6.426487;1;0;0.1452504;0
6.44349;1;0;0.1445783;0
6.45948;1;0;0.1452504;0
6.476342;1;0;0.1458919;0
6.492613;1;0;0.1445783;0
6.509247;1;0;0.1445783;0
6.526217;1;0;0.1445783;0
6.542325;1;0;0.1439368;0
6.558881;1;0;0.1458919;0
6.575458;1;0;0.1445783;0
6.592106;1;0;0.1439368;0
6.608588;1;0;0.1439368;0
6.625164;1;0;0.1426232;0
6.641958;1;0;0.1426232;0
6.658867;1;0;0.1439368;0
6.674854;1;0;0.1458919;0
6.691777;1;0;0.1465334;0
6.707983;1;0;0.1465334;0
6.724687;1;0;0.1465334;0
6.741656;1;0;0.1465334;0
6.757681;1;0;0.1458919;0
6.774259;1;0;0.1465334;0
6.791493;1;0;0.1458919;0
6.807471;1;0;0.1458919;0
6.824469;1;0;0.1452504;0
6.840512;1;0;0.1445783;0
6.85747;1;0;0.1445783;0
6.873646;1;0;0.1452504;0
6.890402;1;0;0.1445783;0
6.907385;1;0;0.1465334;0
6.923417;1;0;0.1452504;0
6.940393;1;0;0.1472055;0
6.956488;1;0;0.1472055;0
6.973464;1;0;0.1484885;0
6.989614;1;0;0.1484885;0
7.006348;1;0;0.1550259;0
7.022746;1;0;0.190279;0
7.039313;1;0;0.2085776;0
7.056237;1;0;0.2085776;0
7.073186;1;0;0.2118463;0
7.089122;1;0;0.2144429;0
7.106082;1;0;0.2138014;0
7.122818;1;0;0.2131599;0
7.138807;1;0;0.2085776;0
7.155279;1;0;0.2085776;0
7.171845;1;0;0.1961749;0
7.188413;1;0;0.1955028;0
7.204992;1;0;0.1942198;0
7.221644;1;0;0.1935477;0
7.238112;1;0;0.1915926;0
7.254679;1;0;0.1935477;0
7.271451;1;0;0.1935477;0
7.287812;1;0;0.1948613;0
7.304379;1;0;0.1942198;0
7.321319;1;0;0.1942198;0
7.337512;1;0;0.1974885;0
7.354224;1;0;0.1987715;0
7.371186;1;0;0.19813;0
7.387213;1;0;0.1987715;0
7.403779;1;0;0.1987715;0
7.420346;1;0;0.1987715;0
7.437009;1;0;0.1987715;0
7.454027;1;0;0.1987715;0
7.470046;1;0;0.1987715;0
7.486612;1;0;0.1987715;0
7.503831;1;0;0.1987715;0
7.52021;1;0;0.1994436;0
7.536313;1;0;0.1994436;0
7.553136;1;0;0.1994436;0
7.57008;1;0;0.1994436;0
7.586043;1;0;0.2000851;0
7.602581;1;0;0.2000851;0
7.619462;1;0;0.1987715;0
7.635712;1;0;0.1987715;0
7.652299;1;0;0.1987715;0
7.669271;1;0;0.19813;0
7.685412;1;0;0.2007266;0
7.701979;1;0;0.1987715;0
7.718646;1;0;0.19813;0
7.735113;1;0;0.19813;0
7.751679;1;0;0.19813;0
7.768539;1;0;0.1987715;0
7.784811;1;0;0.1987715;0
7.801452;1;0;0.1987715;0
7.818445;1;0;0.1987715;0
7.834513;1;0;0.1987715;0
7.851293;1;0;0.1987715;0
7.867646;1;0;0.1987715;0
7.884233;1;0;0.1987715;0
7.900779;1;0;0.2000851;0
7.917346;1;0;0.1994436;0
7.933913;1;0;0.1974885;0
7.95048;1;0;0.1987715;0
7.967047;1;0;0.1987715;0
7.983935;1;0;0.1994436;0
8.000179;1;0;0.2000851;0
8.016747;1;0;0.1987715;0
8.033313;1;0;0.1994436;0
8.049879;1;0;0.1994436;0
8.06675;1;0;0.2007266;0
8.083013;1;0;0.1987715;0
8.099626;1;0;0.2000851;0
8.116146;1;0;0.2000851;0
8.133538;1;0;0.1987715;0
8.149522;1;0;0.1994436;0
8.165846;1;0;0.1994436;0
8.182417;1;0;0.2000851;0
8.199364;1;0;0.19813;0
8.215546;1;0;0.1994436;0
8.23226;1;0;0.1994436;0
8.24868;1;0;0.2020402;0
8.265246;1;0;0.2046674;0
8.281813;1;0;0.2039953;0
8.299098;1;0;0.207264;0
8.31505;1;0;0.2066225;0
8.331997;1;0;0.207264;0
8.34808;1;0;0.207264;0
8.364917;1;0;0.207264;0
8.381213;1;0;0.207264;0
8.39783;1;0;0.2079361;0
8.414786;1;0;0.207264;0
8.430913;1;0;0.2066225;0
8.447704;1;0;0.2066225;0
8.464047;1;0;0.2066225;0
8.480616;1;0;0.2079361;0
8.49718;1;0;0.2079361;0
8.513746;1;0;0.207264;0
8.530475;1;0;0.207264;0
8.547431;1;0;0.2079361;0
8.563452;1;0;0.207264;0
8.580343;1;0;0.207264;0
8.597299;1;0;0.2066225;0
8.613259;1;0;0.207264;0
8.629713;1;0;0.207264;0
8.646279;1;0;0.207264;0
8.663123;1;0;0.207264;0
8.680103;1;0;0.207264;0
8.696087;1;0;0.2085776;0
8.712556;1;0;0.2079361;0
8.729113;1;0;0.2079361;0
8.745679;1;0;0.2085776;0
8.762911;1;0;0.2066225;0
8.778815;1;0;0.2079361;0
8.795381;1;0;0.207264;0
8.811947;1;0;0.2085776;0
8.828737;1;0;0.2066225;0
8.845674;1;0;0.2079361;0
8.861662;1;0;0.2079361;0
8.878548;1;0;0.2079361;0
8.89478;1;0;0.2079361;0
8.911485;1;0;0.2085776;0
8.928416;1;0;0.207264;0
8.944479;1;0;0.207264;0
8.961352;1;0;0.207264;0
8.977612;1;0;0.2079361;0
8.995156;1;0;0.2085776;0
9.011726;1;0;0.2092191;0
9.028892;1;0;0.2098912;0
9.044879;1;0;0.2118463;0
9.061792;1;0;0.2118463;0
9.078759;1;0;0.2131599;0
9.094792;1;0;0.2131599;0
9.111125;1;0;0.2124878;0
9.127691;1;0;0.2111742;0
9.144583;1;0;0.2098912;0
9.16153;1;0;0.2111742;0
9.17755;1;0;0.2105327;0
9.194516;1;0;0.2118463;0
9.210526;1;0;0.2111742;0
9.227423;1;0;0.2105327;0
9.243673;1;0;0.2111742;0
9.260371;1;0;0.2098912;0
9.276793;1;0;0.2098912;0
9.293359;1;0;0.2098912;0
9.309925;1;0;0.2111742;0
9.326816;1;0;0.2098912;0
9.343114;1;0;0.2098912;0
9.360014;1;0;0.2098912;0
9.376197;1;0;0.2105327;0
9.392941;1;0;0.2098912;0
9.409326;1;0;0.2105327;0
9.425893;1;0;0.2098912;0
9.442459;1;0;0.2092191;0
9.459026;1;0;0.2098912;0
9.47576;1;0;0.2105327;0
9.492665;1;0;0.2111742;0
9.508783;1;0;0.2092191;0
9.52565;1;0;0.2092191;0
9.541859;1;0;0.2098912;0
9.558425;1;0;0.2085776;0
9.574992;1;0;0.2085776;0
9.591672;1;0;0.2092191;0
9.608126;1;0;0.2092191;0
9.624693;1;0;0.2092191;0
9.641555;1;0;0.2098912;0
9.657827;1;0;0.2092191;0
9.674422;1;0;0.2105327;0
9.691366;1;0;0.2098912;0
9.707526;1;0;0.2098912;0
9.724237;1;0;0.2098912;0
9.740661;1;0;0.2085776;0
9.757226;1;0;0.2098912;0
9.774121;1;0;0.2098912;0
9.790375;1;0;0.2085776;0
9.807039;1;0;0.2092191;0
9.823512;1;0;0.2098912;0
9.840066;1;0;0.2092191;0
9.857005;1;0;0.2085776;0
9.873193;1;0;0.2092191;0
9.889872;1;0;0.2092191;0
9.906839;1;0;0.2098912;0
9.922917;1;0;0.2092191;0
9.93946;1;0;0.2098912;0
9.956026;1;0;0.2105327;0
9.972642;1;0;0.2098912;0
9.989162;1;0;0.2098912;0
10.00575;1;0;0.2092191;0
10.02249;1;0;0.2085776;0
10.03913;1;0;0.2085776;0
10.05609;1;0;0.2092191;0
10.07202;1;0;0.2085776;0
10.08902;1;0;0.2085776;0
10.10513;1;0;0.2085776;0
10.1219;1;0;0.2085776;0
10.13826;1;0;0.2079361;0
10.15496;1;0;0.2079361;0
10.17139;1;0;0.2079361;0
10.18796;1;0;0.2079361;0
10.20453;1;0;0.2079361;0
10.22109;1;0;0.2085776;0
10.23775;1;0;0.207264;0
10.25469;1;0;0.207264;0
10.27079;1;0;0.207264;0
10.28762;1;0;0.2085776;0
10.30458;1;0;0.2079361;0
10.32053;1;0;0.2085776;0
10.33747;1;0;0.2079361;0
10.35362;1;0;0.2079361;0
10.3704;1;0;0.2085776;0
10.38676;1;0;0.207264;0
10.40334;1;0;0.2079361;0
10.41989;1;0;0.2085776;0
10.4369;1;0;0.2085776;0
10.45382;1;0;0.2085776;0
10.46977;1;0;0.2085776;0
10.48616;1;0;0.2079361;0
10.50272;1;0;0.2079361;0
10.5193;1;0;0.207264;0
10.53586;1;0;0.207264;0
10.55242;1;0;0.2079361;0
10.56951;1;0;0.2092191;0
10.58556;1;0;0.2092191;0
10.60245;1;0;0.2098912;0
10.61869;1;0;0.2098912;0
10.63533;1;0;0.2092191;0
10.65182;1;0;0.2092191;0
10.6684;1;0;0.2085776;0
10.6852;1;0;0.2092191;0
10.70214;1;0;0.2098912;0
10.71811;1;0;0.2085776;0
10.73506;1;0;0.2085776;0
10.75122;1;0;0.2085776;0
10.76798;1;0;0.2092191;0
10.78436;1;0;0.2092191;0
10.80096;1;0;0.2092191;0
10.81784;1;0;0.2098912;0
10.83406;1;0;0.2098912;0
10.85062;1;0;0.2092191;0
10.86719;1;0;0.2098912;0
10.88379;1;0;0.2092191;0
10.90079;1;0;0.2105327;0
10.91689;1;0;0.2098912;0
10.93366;1;0;0.2092191;0
10.95062;1;0;0.2085776;0
10.96661;1;0;0.2092191;0
10.98316;1;0;0.2092191;0
10.99972;1;0;0.2098912;0
11.01643;1;0;0.2105327;0
11.03286;1;0;0.2105327;0
11.04943;1;0;0.2098912;0
11.06635;1;0;0.2111742;0
11.08256;1;0;0.2111742;0
11.09929;1;0;0.2105327;0
11.11569;1;0;0.2105327;0
11.13226;1;0;0.2105327;0
11.1492;1;0;0.2098912;0
11.16539;1;0;0.2098912;0
11.18211;1;0;0.2105327;0
11.19853;1;0;0.2105327;0
11.21509;1;0;0.2105327;0
11.23166;1;0;0.2105327;0
11.24823;1;0;0.2105327;0
11.26493;1;0;0.2105327;0
11.28184;1;0;0.2105327;0
11.29793;1;0;0.2105327;0
11.3148;1;0;0.2111742;0
11.33106;1;0;0.2105327;0
11.34766;1;0;0.2118463;0
11.36466;1;0;0.2124878;0
11.38076;1;0;0.2138014;0
11.39758;1;0;0.2124878;0
11.41453;1;0;0.2144429;0
11.43049;1;0;0.2124878;0
11.44744;1;0;0.2131599;0
11.46359;1;0;0.2131599;0
11.48035;1;0;0.2124878;0
11.49673;1;0;0.2138014;0
11.51329;1;0;0.2124878;0
11.53022;1;0;0.2131599;0
11.54704;1;0;0.2118463;0
11.56301;1;0;0.2118463;0
11.57956;1;0;0.2118463;0
11.59613;1;0;0.2124878;0
11.61282;1;0;0.2124878;0
11.62926;1;0;0.2118463;0
11.64678;1;0;0.2124878;0
11.66267;1;0;0.2124878;0
11.67896;1;0;0.2124878;0
11.6957;1;0;0.2118463;0
11.71209;1;0;0.2124878;0
11.72924;1;0;0.2124878;0
11.74524;1;0;0.2124878;0
11.76212;1;0;0.2124878;0
11.77836;1;0;0.2124878;0
11.7951;1;0;0.2131599;0
11.81149;1;0;0.2124878;0
11.82806;1;0;0.2131599;0
11.84497;1;0;0.2131599;0
11.86119;1;0;0.2138014;0
11.87789;1;0;0.2138014;0
11.89485;1;0;0.2138014;0
11.91089;1;0;0.2144429;0
11.92771;1;0;0.2138014;0
11.94403;1;0;0.2138014;0
11.96059;1;0;0.2131599;0
11.97716;1;0;0.2131599;0
11.99372;1;0;0.2118463;0
12.01029;1;0;0.2124878;0
12.02686;1;0;0.2131599;0
12.04345;1;0;0.2131599;0
12.05999;1;0;0.2131599;0
12.07658;1;0;0.2144429;0
12.09331;1;0;0.215115;0
12.10969;1;0;0.2144429;0
12.12626;1;0;0.2144429;0
12.14318;1;0;0.2138014;0
12.1601;1;0;0.215115;0
12.17607;1;0;0.2131599;0
12.19253;1;0;0.2144429;0
12.20909;1;0;0.2138014;0
12.22597;1;0;0.2138014;0
12.24222;1;0;0.2144429;0
12.25887;1;0;0.2138014;0
12.27582;1;0;0.2138014;0
12.29193;1;0;0.2144429;0
12.30875;1;0;0.2138014;0
12.32507;1;0;0.215115;0
12.34168;1;0;0.2144429;0
12.35819;1;0;0.2138014;0
12.37476;1;0;0.2138014;0
12.39133;1;0;0.215115;0
12.40848;1;0;0.2144429;0
12.42446;1;0;0.2131599;0
12.44102;1;0;0.215115;0
12.45759;1;0;0.215115;0
12.47431;1;0;0.2131599;0
12.49073;1;0;0.2138014;0
12.50729;1;0;0.2144429;0
12.52416;1;0;0.2144429;0
12.54043;1;0;0.2131599;0
12.55707;1;0;0.215115;0
12.57402;1;0;0.2138014;0
12.59013;1;0;0.2138014;0
12.60694;1;0;0.2144429;0
12.62326;1;0;0.2144429;0
12.63985;1;0;0.2144429;0
12.65639;1;0;0.2144429;0
12.67296;1;0;0.2144429;0
12.68953;1;0;0.2144429;0
12.70611;1;0;0.2138014;0
12.72278;1;0;0.2138014;0
12.73966;1;0;0.2138014;0
12.7558;1;0;0.2138014;0
12.7726;1;0;0.2144429;0
12.78893;1;0;0.2144429;0
12.80552;1;0;0.2124878;0
12.82251;1;0;0.2124878;0
12.83864;1;0;0.2144429;0
12.85539;1;0;0.2138014;0
12.87238;1;0;0.2131599;0
12.88833;1;0;0.2124878;0
12.90491;1;0;0.2124878;0
12.92146;1;0;0.2138014;0
12.93817;1;0;0.2131599;0
12.95507;1;0;0.2124878;0
12.97209;1;0;0.2124878;0
12.98801;1;0;0.2124878;0
13.0043;1;0;0.2138014;0
13.02098;1;0;0.2124878;0
13.03743;1;0;0.2131599;0
13.05438;1;0;0.2124878;0
13.07134;1;0;0.2131599;0
13.08737;1;0;0.2131599;0
13.10432;1;0;0.2124878;0
13.12028;1;0;0.2138014;0
13.13682;1;0;0.2131599;0
13.15382;1;0;0.2131599;0
13.16996;1;0;0.2138014;0
13.18652;1;0;0.2124878;0
13.2031;1;0;0.2131599;0
13.21969;1;0;0.2131599;0
13.23664;1;0;0.2131599;0
13.25359;1;0;0.2131599;0
13.26936;1;0;0.2131599;0
13.28592;1;0;0.2131599;0
13.30249;1;0;0.2138014;0
13.31936;1;0;0.2138014;0
13.33562;1;0;0.2131599;0
13.35231;1;0;0.2131599;0
13.36876;1;0;0.2131599;0
13.38532;1;0;0.2131599;0
13.40189;1;0;0.2124878;0
13.41846;1;0;0.2138014;0
13.43505;1;0;0.2131599;0
13.45159;1;0;0.2138014;0
13.46818;1;0;0.2131599;0
13.48514;1;0;0.2131599;0
13.50129;1;0;0.2138014;0
13.51804;1;0;0.2138014;0
13.53442;1;0;0.2131599;0
13.55099;1;0;0.2131599;0
13.56756;1;0;0.2138014;0
13.58482;1;0;0.2131599;0
13.60069;1;0;0.2131599;0
13.61775;1;0;0.2124878;0
13.63382;1;0;0.2138014;0
13.65066;1;0;0.2131599;0
13.66696;1;0;0.2131599;0
13.68356;1;0;0.2144429;0
13.70051;1;0;0.2131599;0
13.71666;1;0;0.2144429;0
13.73343;1;0;0.2131599;0
13.75038;1;0;0.2138014;0
13.76637;1;0;0.2138014;0
13.78329;1;0;0.2144429;0
13.79949;1;0;0.2131599;0
13.81621;1;0;0.2138014;0
13.83263;1;0;0.2131599;0
13.84919;1;0;0.2124878;0
13.86607;1;0;0.2124878;0
13.88232;1;0;0.2138014;0
13.89898;1;0;0.2124878;0
13.91546;1;0;0.2138014;0
13.93202;1;0;0.2131599;0
13.94893;1;0;0.2124878;0
13.96516;1;0;0.2124878;0
13.98181;1;0;0.2138014;0
13.99829;1;0;0.2124878;0
14.01486;1;0;0.2131599;0
14.03142;1;0;0.2124878;0
14.04859;1;0;0.2144429;0
14.06456;1;0;0.2131599;0
14.08149;1;0;0.2138014;0
14.09769;1;0;0.2131599;0
14.11426;1;0;0.2138014;0
14.13139;1;0;0.2124878;0
14.14739;1;0;0.2131599;0
14.16396;1;0;0.2124878;0
14.18126;1;0;0.2124878;0
14.19728;1;0;0.2131599;0
14.21366;1;0;0.2131599;0
14.23023;1;0;0.2131599;0
14.24705;1;0;0.2131599;0
14.26336;1;0;0.2138014;0
14.27996;1;0;0.2138014;0
14.29692;1;0;0.2138014;0
14.31393;1;0;0.2124878;0
14.32984;1;0;0.2131599;0
14.34619;1;0;0.2138014;0
14.36277;1;0;0.2124878;0
14.37933;1;0;0.2131599;0
14.39589;1;0;0.2124878;0
14.41261;1;0;0.2124878;0
14.42903;1;0;0.2131599;0
14.44559;1;0;0.2131599;0
14.46216;1;0;0.2124878;0
14.47909;1;0;0.2131599;0
14.49529;1;0;0.2124878;0
14.51202;1;0;0.2131599;0
14.52894;1;0;0.2131599;0
14.54499;1;0;0.2131599;0
14.56188;1;0;0.2138014;0
14.57813;1;0;0.2131599;0
14.5948;1;0;0.2124878;0
14.61176;1;0;0.2124878;0
14.62783;1;0;0.1831001;0
14.64467;1;0;0.1524293;0
14.66163;1;0;0;0
14.67752;1;0;0;0
14.69409;1;0;0;0
14.71066;1;0;0;0
14.72746;1;0;0;0
14.74379;1;0;0;0
14.76036;1;0;0;0
14.77734;1;0;0;0
14.79349;1;0;0;0
14.81023;1;0;0;0
14.82662;1;0;0;0
14.8432;1;0;0;0
14.8601;1;0;0;0
14.87633;1;0;0;0
14.89309;1;0;0;0
14.90946;1;0;0;0
14.92603;1;0;0;0
14.94259;1;0;0;0
14.95991;1;0;0;0
14.97586;1;0;0;0
14.99282;1;0;0;0
15.00888;1;0;0;0
15.02574;1;0;0;0
15.042;1;0;0;0
15.05864;1;0;0;0
15.07512;1;0;0;0
15.09169;1;0;0;0
15.10856;1;0;0;0
15.12484;1;0.1063926;0;0
15.14142;1;0.1063926;0;0
15.15837;1;0.1063926;0;0
15.17453;1;0.2862627;0;0
15.19131;1;0.332666;0;0
15.20824;1;0.4400749;0;0
15.22423;1;0.4896552;0;0
15.24121;1;0.5042574;0;0
15.25817;1;0.5042574;0;0
15.27428;1;0.5334924;0;0
15.29049;1;0.5710061;0;0
15.3072;1;0.5760772;0;0
15.32426;1;0.5862499;0;0
15.34021;1;0.5932455;0;0
15.35678;1;0.5932455;0;0
15.37333;1;0.5964226;0;0
15.39012;1;0.5964226;0;0
15.40708;1;0.5964226;0;0
15.42304;1;0.5964226;0;0
15.43959;1;0.5964226;0;0
15.45616;1;0.5964226;0;0
15.47291;1;0.5983166;0;0
15.48982;1;0.5964226;0;0
15.50586;1;0.5938565;0;0
15.52242;1;0.5964226;0;0
15.53973;1;0.5964226;0;0
15.55565;1;0.595781;0;0
15.5726;1;0.595781;0;0
15.58964;1;0.595781;0;0
15.60554;1;0.5964226;0;0
15.64877;1;0.5932455;0;0
15.66539;1;0.5932455;0;0
15.6823;1;0.595781;0;0
15.69849;1;0.597675;0;0
15.71524;1;0.597675;0;0
15.73161;1;0.592604;0;0
15.74817;1;0.592604;0;0
15.76517;1;0.595781;0;0
15.78131;1;0.595781;0;0
15.79796;1;0.5970335;0;0
15.81508;1;0.5970335;0;0
15.83102;1;0.5964226;0;0
15.84757;1;0.5964226;0;0
15.86493;1;0.5970335;0;0
15.88088;1;0.597675;0;0
15.89727;1;0.5964226;0;0
15.91384;1;0.597675;0;0
15.9307;1;0.597675;0;0
15.94767;1;0.5983166;0;0
15.96368;1;0.5970335;0;0
15.98011;1;0.5970335;0;0
15.99668;1;0.5964226;0;0
16.01324;1;0.5970335;0;0
16.02981;1;0.597675;0;0
16.04647;1;0.5964226;0;0
16.06345;1;0.597675;0;0
16.08038;1;0.597675;0;0
16.09639;1;0.597675;0;0
16.11333;1;0.5964226;0;0
16.12927;1;0.5970335;0;0
16.14624;1;0.5970335;0;0
16.16319;1;0.5983166;0;0
16.17907;1;0.5970335;0;0
16.19599;1;0.5964226;0;0
16.21204;1;0.5970335;0;0
16.22893;1;0.5964226;0;0
16.24517;1;0.5919625;0;0
16.26182;1;0.5913209;0;0
16.27832;1;0.5919625;0;0
16.29528;1;0.5906794;0;0
16.31144;1;0.5906794;0;0
16.32818;1;0.5906794;0;0
16.34457;1;0.5919625;0;0
16.36114;1;0.5913209;0;0
16.37771;1;0.5919625;0;0
16.39446;1;0.5906794;0;0
16.41085;1;0.5900685;0;0
16.42743;1;0.5906794;0;0
16.44397;1;0.5913209;0;0
16.46131;1;0.5913209;0;0
16.47731;1;0.5906794;0;0
16.49421;1;0.5906794;0;0
16.51024;1;0.5900685;0;0
16.52714;1;0.5900685;0;0
16.54338;1;0.5913209;0;0
16.56001;1;0.5906794;0;0
16.57651;1;0.5919625;0;0
16.59307;1;0.5919625;0;0
16.60991;1;0.5900685;0;0
16.62621;1;0.5906794;0;0
16.6428;1;0.5913209;0;0
16.65934;1;0.5913209;0;0
16.6767;1;0.5913209;0;0
16.69267;1;0.5913209;0;0
16.70962;1;0.5913209;0;0
16.72561;1;0.5894269;0;0
16.74217;1;0.5906794;0;0
16.75948;1;0.5913209;0;0
16.77544;1;0.5900685;0;0
16.7924;1;0.5900685;0;0
16.80844;1;0.5919625;0;0
16.82501;1;0.5913209;0;0
16.84157;1;0.5906794;0;0
16.85829;1;0.5913209;0;0
16.87471;1;0.5913209;0;0
16.89128;1;0.5913209;0;0
16.90813;1;0.5913209;0;0
16.92441;1;0.5913209;0;0
16.94099;1;0.5900685;0;0
16.95754;1;0.5913209;0;0
16.97411;1;0.5913209;0;0
16.99087;1;0.5913209;0;0
17.00782;1;0.5913209;0;0
17.02381;1;0.5919625;0;0
17.04038;1;0.5906794;0;0
17.05694;1;0.5913209;0;0
17.07365;1;0.5906794;0;0
17.09007;1;0.5913209;0;0
17.10664;1;0.5913209;0;0
17.12354;1;0.5913209;0;0
17.13977;1;0.5906794;0;0
17.15642;1;0.5913209;0;0
17.17292;1;0.5906794;0;0
17.18947;1;0.5900685;0;0
17.2063;1;0.5913209;0;0
17.22261;1;0.5919625;0;0
17.23924;1;0.5913209;0;0
17.25574;1;0.5913209;0;0
17.27312;1;0.5906794;0;0
17.28887;1;0.5913209;0;0
17.30544;1;0.5906794;0;0
17.32201;1;0.5913209;0;0
17.33857;1;0.5913209;0;0
17.35514;1;0.5894269;0;0
17.37192;1;0.5894269;0;0
17.38827;1;0.5919625;0;0
17.40484;1;0.5913209;0;0
17.42167;1;0.5906794;0;0
17.43797;1;0.5913209;0;0
17.45456;1;0.5913209;0;0
17.47153;1;0.5913209;0;0
17.48767;1;0.5474837;0;0
17.50424;1;0.2748375;0;0
17.52081;1;0;0;0
17.53737;1;0;0;0
17.55428;1;0;0;0
17.57128;1;0;0;0
17.58727;1;0;0;0
17.60418;1;0;0;0
17.62109;1;0;0;0
17.63702;1;0;0;0
17.65397;1;0;0;0
17.67002;1;0;0;0
17.68661;1;0;0;0
17.70304;1;0;0;0
17.71961;1;0;0;0
17.73646;1;0;0;0
17.75274;1;0;0;0
17.76937;1;0;0;0
17.78617;1;0;0;0
17.80244;1;0;0;0
17.81901;1;0;0;0
17.83557;1;0;0;0
17.85217;1;0;0;0
17.86889;1;0;0;0
17.88529;1;0;0;0
17.90184;1;0;0;0
17.91841;1;0;0;0
17.93497;1;0;0;0
17.95166;1;0;0;0
17.96811;1;-0.09090444;0;0
17.98467;1;-0.09209583;0;0
18.00154;1;-0.09209583;0;0
18.01786;1;-0.2514679;0;0
18.03444;1;-0.3857595;-0.1115247;0
18.05147;1;-0.4227844;-0.1368495;0
18.06751;1;-0.4233648;-0.1492217;0
18.08434;1;-0.4233648;-0.1633657;0
18.10064;1;-0.4030805;-0.1498327;0
18.11721;1;-0.2341468;-0.1339169;0
18.13421;1;0;0;0
18.15034;1;0;0;0
18.16709;1;0;0;0
18.18404;1;0;0;0
18.20004;1;0;0;0
18.21694;1;0;0;0
18.23317;1;0;0;0
18.2499;1;0;0;0
18.26631;1;0;0;0
18.28287;1;0;0;0
18.29973;1;0;0.3914109;0
18.31669;1;0;0.4919769;0
18.33264;1;0;0.5997218;0
18.34958;1;0;0.6238552;0
18.36571;1;0;0.6238552;0
18.38251;1;0;0.6356164;0
18.39884;1;0;0.6356164;0
18.41558;1;0;0.6343028;0
18.43251;1;0;0.6349749;0
18.44854;1;0;0.6330197;0
18.46511;1;0;0.629079;0
18.48167;1;0;0.6303926;0
18.49831;1;0;0.6303926;0
18.51526;1;0;0.6303926;0
18.53137;1;0;0.6310647;0
18.54794;1;0;0.629079;0
18.56517;1;0;0.627796;0
18.58112;1;0;0.6271239;0
18.59808;1;0;0.6245273;0
18.61508;1;0;0.6219001;0
18.63099;1;0;0.6238552;0
18.64794;1;0;0.6232137;0
18.66391;1;0;0.6238552;0
18.68081;1;0;0.6238552;0
18.69704;1;0;0.6238552;0
18.71378;1;0;0.6238552;0
18.73017;1;0;0.6238552;0
18.74676;1;0;0.6212586;0
18.76331;1;0;0.6225721;0
18.7806;1;0;0.6212586;0
18.79662;1;0;0.6219001;0
18.81301;1;0;0.620617;0
18.82957;1;0;0.619945;0
18.84614;1;0;0.6219001;0
18.86342;1;0;0.6219001;0
18.87938;1;0;0.619945;0
18.89634;1;0;0.6173483;0
18.91241;1;0;0.6075423;0
18.92934;1;0;0.5918708;0
18.94625;1;0;0.5677068;0
18.96222;1;0;0.5637966;0
18.97867;1;0;0.5644382;0
18.99621;1;0;0.5566177;0
19.01181;1;0;0.5513939;0
19.02909;1;0;0.5318123;0
19.04508;1;0;0.5233198;0
19.06151;1;0;0.5226477;0
19.07807;1;0;0.5233198;0
19.09468;1;0;0.5233198;0
19.11122;1;0;0.5220062;0
19.12777;1;0;0.5220062;0
19.14456;1;0;0.5226477;0
19.16091;1;0;0.5246028;0
19.17752;1;0;0.5239612;0
19.19457;1;0;0.5239612;0
19.21061;1;0;0.5226477;0
19.22717;1;0;0.5246028;0
19.24374;1;0;0.5233198;0
19.2607;1;0;0.5233198;0
19.27766;1;0;0.5246028;0
19.29364;1;0;0.5226477;0
19.31001;1;0;0.5239612;0
19.32665;1;0;0.5233198;0
19.34314;1;0;0.5239612;0
19.35971;1;0;0.5233198;0
19.37652;1;0;0.5246028;0
19.39347;1;0;0.5246028;0
19.40963;1;0;0.5226477;0
19.42658;1;0;0.5233198;0
19.44256;1;0;0.5233198;0
19.45911;1;0;0.5239612;0
19.47567;1;0;0.5233198;0
19.49256;1;0;0.5239612;0
19.50881;1;0;0.5233198;0
19.52547;1;0;0.5239612;0
19.54194;1;0;0.5233198;0
19.55852;1;0;0.5233198;0
19.57507;1;0;0.5239612;0
19.59226;1;0;0.5239612;0
19.60821;1;0;0.5233198;0
19.62477;1;0;0.5239612;0
19.64134;1;0;0.5233198;0
19.65812;1;0;0.5233198;0
19.67447;1;0;0.5239612;0
19.69107;1;0;0.5239612;0
19.70799;1;0;0.5233198;0
19.72417;1;0;0.5226477;0
19.74096;1;0;0.5226477;0
19.75731;1;0;0.5226477;0
19.77387;1;0;0.5226477;0
19.79044;1;0;0.5220062;0
19.80701;1;0;0.5233198;0
19.82368;1;0;0.5252749;0
19.84014;1;0;0.5252749;0
19.85672;1;0;0.5246028;0
19.87358;1;0;0.5233198;0
19.88984;1;0;0.5259164;0
19.90645;1;0;0.52723;0
19.92297;1;0;0.5265885;0
19.93954;1;0;0.5259164;0
19.95636;1;0;0.5265885;0
19.97267;1;0;0.5252749;0
19.98936;1;0;0.5246028;0
20.00581;1;0;0.5233198;0
20.02237;1;0;0.5226477;0
20.03894;1;0;0.5226477;0
20.05551;1;0;0.5226477;0
20.0722;1;0;0.5226477;0
20.08864;1;0;0.5226477;0
20.10521;1;0;0.5233198;0
20.12205;1;0;0.5226477;0
20.13834;1;0;0.5233198;0
20.15496;1;0;0.5226477;0
20.17147;1;0;0.5226477;0
20.18804;1;0;0.5239612;0
20.20487;1;0;0.5226477;0
20.22117;1;0;0.5233198;0
20.23781;1;0;0.5226477;0
20.25431;1;0;0.5226477;0
20.27169;1;0;0.5226477;0
20.28768;1;0;0.5233198;0
20.30463;1;0;0.5233198;0
20.32059;1;0;0.5233198;0
20.33749;1;0;0.5226477;0
20.35371;1;0;0.5239612;0
20.37045;1;0;0.5239612;0
20.38684;1;0;0.5233198;0
20.40343;1;0;0.5233198;0
20.42036;1;0;0.5220062;0
20.43654;1;0;0.5233198;0
20.45323;1;0;0.5226477;0
20.46967;1;0;0.5233198;0
20.48715;1;0;0.5233198;0
20.5031;1;0;0.5233198;0
20.52005;1;0;0.5239612;0
20.53601;1;0;0.5239612;0
20.55303;1;0;0.5239612;0
20.56908;1;0;0.5226477;0
20.58583;1;0;0.5233198;0
20.60221;1;0;0.5226477;0
20.61878;1;0;0.5233198;0
20.63549;1;0;0.5233198;0
20.65191;1;0;0.5239612;0
20.6685;1;0;0.5239612;0
20.68536;1;0;0.5226477;0
20.70214;1;0;0.5226477;0
20.71817;1;0;0.5233198;0
20.73508;1;0;0.5239612;0
20.75131;1;0;0.5233198;0
20.768;1;0;0.5246028;0
20.78444;1;0;0.5252749;0
20.80102;1;0;0.5252749;0
20.81794;1;0;0.5259164;0
20.83478;1;0;0.5259164;0
20.85081;1;0;0.5259164;0
20.86727;1;0;0.5259164;0
20.88384;1;0;0.5252749;0
20.90067;1;0;0.5252749;0
20.91755;1;0;0.5259164;0
20.93358;1;0;0.5259164;0
20.95054;1;0;0.5259164;0
20.96667;1;0;0.5259164;0
20.98345;1;0;0.5259164;0
21.00041;1;0;0.5259164;0
21.01637;1;0;0.5252749;0
21.03294;1;0;0.5252749;0
21.04951;1;0;0.5252749;0
21.06623;1;0;0.5252749;0
21.08322;1;0;0.5259164;0
21.09921;1;0;0.5252749;0
21.11577;1;0;0.5252749;0
21.13234;1;0;0.5252749;0
21.14906;1;0;0.5259164;0
21.16547;1;0;0.5259164;0
21.18204;1;0;0.5252749;0
21.19888;1;0;0.5259164;0
21.21517;1;0;0.5252749;0
21.23177;1;0;0.5259164;0
21.24874;1;0;0.5259164;0
21.2657;1;0;0.5259164;0
21.28165;1;0;0.5259164;0
21.29861;1;0;0.5265885;0
21.31457;1;0;0.5252749;0
21.33152;1;0;0.5259164;0
21.34771;1;0;0.5265885;0
21.36443;1;0;0.5259164;0
21.38139;1;0;0.5252749;0
21.39741;1;0;0.5259164;0
21.4143;1;0;0.5259164;0
21.43125;1;0;0.5259164;0
21.44726;1;0;0.5265885;0
21.46367;1;0;0.5259164;0
21.48024;1;0;0.5259164;0
21.49705;1;0;0.5265885;0
21.51337;1;0;0.5259164;0
21.53096;1;0;0.5278715;0
21.54687;1;0;0.5278715;0
21.56383;1;0;0.5285435;0
21.57978;1;0;0.5285435;0
21.59621;1;0;0.5259164;0
21.61326;1;0;0.5252749;0
21.62934;1;0;0.5265885;0
21.64614;1;0;0.5252749;0
21.66249;1;0;0.5246028;0
21.67905;1;0;0.5252749;0
21.69598;1;0;0.5259164;0
21.71294;1;0;0.5265885;0
21.72889;1;0;0.5252749;0
21.74531;1;0;0.5259164;0
21.76187;1;0;0.5252749;0
21.77876;1;0;0.5259164;0
21.79502;1;0;0.5252749;0
21.81169;1;0;0.5252749;0
21.82814;1;0;0.5246028;0
21.84471;1;0;0.5246028;0
21.86154;1;0;0.5259164;0
21.87784;1;0;0.5265885;0
21.89447;1;0;0.5265885;0
21.91142;1;0;0.5259164;0
21.92754;1;0;0.5259164;0
21.94411;1;0;0.5246028;0
21.96067;1;0;0.5246028;0
21.97725;1;0;0.5259164;0
21.99381;1;0;0.5259164;0
22.01037;1;0;0.5259164;0
22.02711;1;0;0.5259164;0
22.04351;1;0;0.5265885;0
22.06007;1;0;0.5259164;0
22.07664;1;0;0.5246028;0
22.09321;1;0;0.5220062;0
22.10989;1;0;0.5030661;0
22.1269;1;0;0.4749919;0
22.14291;1;0;0.435798;0
22.16005;1;0;0.4279776;0
22.17604;1;0;0.4031722;0
22.19296;1;0;0.3398144;0
22.20989;1;0;0.3012926;0
22.22585;1;0;0.2693082;0
22.24276;1;0;0.2190252;0
22.25887;1;0.1057816;0.1674287;0
22.2757;1;0.1089587;0.1393545;0
22.2926;1;0.128021;0;0
22.30858;1;0.1845664;0;0
22.32514;1;0.2182615;0;0
22.34199;1;0.2424255;0;0
22.35893;1;0.2424255;0;0
22.3749;1;0.2640233;0;0
22.39141;1;0.2608463;0;0
22.40797;1;0.2576692;0;0
22.42454;1;0.2602048;0;0
22.44111;1;0.2602048;0;0
22.45781;1;0.2633818;0;0
22.47477;1;0.2621293;0;0
22.49081;1;0.2653064;0;0
22.50762;1;0.2684834;0;0
22.52457;1;0.3027895;0;0
22.54053;1;0.3479097;0;0
22.55747;1;0.4305437;0;0
22.57364;1;0.5563734;0;0
22.59039;1;0.6021351;0;0
22.60734;1;0.6046707;0;0
22.62336;1;0.6040292;0;0
22.63991;1;0.6046707;0;0
22.65727;1;0.6046707;0;0
22.67331;1;0.6046707;0;0
22.69026;1;0.6053122;0;0
22.70624;1;0.6053122;0;0
22.72317;1;0.6053122;0;0
22.73931;1;0.6046707;0;0
22.75609;1;0.6046707;0;0
22.77304;1;0.6040292;0;0
22.78901;1;0.6040292;0;0
22.80557;1;0.6040292;0;0
22.82214;1;0.6040292;0;0
22.83886;1;0.6046707;0;0
22.85527;1;0.6053122;0;0
22.87185;1;0.6040292;0;0
22.88841;1;0.6040292;0;0
22.90569;1;0.6040292;0;0
22.92167;1;0.6046707;0;0
22.93864;1;0.6034182;0;0
22.95467;1;0.6046707;0;0
22.97157;1;0.6053122;0;0
22.98781;1;0.6053122;0;0
23.00448;1;0.6053122;0;0
23.02094;1;0.6053122;0;0
23.03753;1;0.6046707;0;0
23.05441;1;0.6040292;0;0
23.07137;1;0.6046707;0;0
23.08731;1;0.6046707;0;0
23.10427;1;0.6053122;0;0
23.12034;1;0.6053122;0;0
23.13725;1;0.6034182;0;0
23.15413;1;0.6040292;0;0
23.17011;1;0.6040292;0;0
23.18705;1;0.6046707;0;0
23.20317;1;0.6053122;0;0
23.21996;1;0.6046707;0;0
23.23691;1;0.6040292;0;0
23.25288;1;0.6040292;0;0
23.26984;1;0.6046707;0;0
23.28601;1;0.6046707;0;0
23.30279;1;0.6034182;0;0
23.31914;1;0.6034182;0;0
23.33572;1;0.6034182;0;0
23.35227;1;0.6040292;0;0
23.36884;1;0.6040292;0;0
23.38557;1;0.6040292;0;0
23.40197;1;0.6040292;0;0
23.41854;1;0.6034182;0;0
23.43511;1;0.6040292;0;0
23.4517;1;0.6021351;0;0
23.46836;1;0.6034182;0;0
23.48531;1;0.6040292;0;0
23.50137;1;0.6040292;0;0
23.51794;1;0.6040292;0;0
23.53451;1;0.6021351;0;0
23.55108;1;0.6046707;0;0
23.56809;1;0.6034182;0;0
23.58421;1;0.6040292;0;0
23.60126;1;0.6040292;0;0
23.61734;1;0.5970335;0;0
23.63391;1;0.594498;0;0
23.65049;1;0.5887854;0;0
23.66739;1;0.5887854;0;0
23.68435;1;0.5843253;0;0
23.70029;1;0.5805373;0;0
23.71674;1;0.5805373;0;0
23.73331;1;0.5805373;0;0
23.74987;1;0.5805373;0;0
23.76644;1;0.5805373;0;0
23.78368;1;0.5843253;0;0
23.79959;1;0.5824313;0;0
23.81614;1;0.5811483;0;0
23.83292;1;0.5792542;0;0
23.84927;1;0.5786127;0;0
23.8659;1;0.5792542;0;0
23.88289;1;0.5747941;0;0
23.8991;1;0.5773602;0;0
23.91554;1;0.5754356;0;0
23.93211;1;0.5773602;0;0
23.94905;1;0.5773602;0;0
23.96524;1;0.5779712;0;0
23.98195;1;0.5779712;0;0
23.99837;1;0.5779712;0;0
24.01587;1;0.5779712;0;0
24.03186;1;0.5760772;0;0
24.04877;1;0.5754356;0;0
24.06473;1;0.5754356;0;0
24.08121;1;0.5741832;0;0
24.09864;1;0.5735416;0;0
24.1146;1;0.5716171;0;0
24.13091;1;0.5716171;0;0
24.14752;1;0.5716171;0;0
24.16446;1;0.5722587;0;0
24.18142;1;0.5722587;0;0
24.19746;1;0.5703646;0;0
24.2143;1;0.5703646;0;0
24.23035;1;0.5703646;0;0
24.24732;1;0.5703646;0;0
24.26413;1;0.5710061;0;0
24.28015;1;0.5710061;0;0
24.29709;1;0.5690815;0;0
24.31314;1;0.5697231;0;0
24.32971;1;0.5677985;0;0
24.34694;1;0.5690815;0;0
24.36289;1;0.5677985;0;0
24.37941;1;0.5697231;0;0
24.39597;1;0.5697231;0;0
24.41281;1;0.5710061;0;0
24.42911;1;0.5690815;0;0
24.44572;1;0.5697231;0;0
24.46224;1;0.5697231;0;0
24.47963;1;0.5710061;0;0
24.49558;1;0.5722587;0;0
24.5125;1;0.5684401;0;0
24.52851;1;0.5563734;0;0
24.54551;1;0.5550903;0;0
24.56424;1;0.5506607;0;0
24.58144;1;0.537311;0;0
24.59738;1;0.539205;0;0
24.61429;1;0.5233198;0;0
24.6309;1;0.5074345;0;0
24.6479;1;0.4934433;0;0
24.66384;1;0.4032027;0;0
24.68021;1;0.3542639;0;0
24.69685;1;0.2690944;0;0
24.71334;1;0.1782123;0;0
24.72991;1;0.1254854;0;0
24.74682;1;0.1026045;0;0
24.76304;1;0;0;0
24.7798;1;0;0;0
24.79671;1;0;0;0
24.81274;1;0;0;0
24.82968;1;0;0;0
24.84588;1;0;0;0
24.86304;1;0;0;0
24.87901;1;0;0;0
24.8959;1;0;0;0
24.91214;1;0;0;0
24.92886;1;0;0;0
24.94528;1;0;0;0
24.96189;1;0;0;0
24.97841;1;0;0;0
24.99573;1;0;0.114549;0
25.01164;1;0;0.1942198;0
25.0286;1;0;0.2386069;0
25.04468;1;0;0.2803974;0
25.06151;1;0;0.3065164;0
25.07846;1;0;0.3124123;0
25.09442;1;0;0.3136953;0
25.11094;1;0;0.3124123;0
25.12751;1;0;0.3117402;0
25.14408;1;0;0.3097851;0
25.16065;1;0;0.3084715;0
25.17721;1;0;0.3104266;0
25.19378;1;0;0.3117402;0
25.21056;1;0;0.3124123;0
25.22691;1;0;0.3117402;0
25.24348;1;0;0.3117402;0
25.26034;1;0;0.3110987;0
25.27661;1;0;0.3110987;0
25.29329;1;0;0.3110987;0
25.30974;1;0;0.3110987;0
25.32631;1;0;0.3110987;0
25.34321;1;0;0.3110987;0
25.35944;1;0;0.3110987;0
25.37608;1;0;0.3124123;0
25.39303;1;0;0.316964;0
25.40914;1;0;0.316964;0
25.42594;1;0;0.316964;0
25.4429;1;0;0.3150089;0
25.45885;1;0;0.3163225;0
25.47581;1;0;0.316964;0
25.49198;1;0;0.316964;0
25.50854;1;0;0.316964;0
25.52511;1;0;0.3156504;0
25.54168;1;0;0.316964;0
25.55859;1;0;0.316964;0
25.57481;1;0;0.316964;0
25.5915;1;0;0.316964;0
25.60796;1;0;0.316964;0
25.62451;1;0;0.316964;0
25.64137;1;0;0.3182776;0
25.65764;1;0;0.3208743;0
25.67428;1;0;0.3202327;0
25.69132;1;0;0.3208743;0
25.70734;1;0;0.3208743;0
25.72414;1;0;0.3208743;0
25.74048;1;0;0.3215463;0
25.75712;1;0;0.3202327;0
25.77361;1;0;0.3202327;0
25.79018;1;0;0.3215463;0
25.80688;1;0;0.3215463;0
25.82388;1;0;0.3221878;0
25.83989;1;0;0.3208743;0
25.8568;1;0;0.3215463;0
25.87301;1;0;0.3215463;0
25.88971;1;0;0.3215463;0
25.90666;1;0;0.3202327;0
25.92271;1;0;0.3208743;0
25.93957;1;0;0.3189192;0
25.95584;1;0;0.3189192;0
25.97244;1;0;0.2973824;0
25.98898;1;0;0.2333831;0
26.00554;1;0;0.1275933;0
26.02229;1;0;0.1080116;0
26.03868;1;0;0;0
26.05524;1;0;0;0
26.07181;1;0;0;0
26.08859;1;0;0;0
26.10494;1;0;0;0
26.12151;1;0;0;0
26.13808;1;0;0;0
26.15464;1;0;0;0
26.17137;1;0;0;0
26.18778;1;0;0;0
26.20439;1;0;0;0
26.22141;1;0;0;0
26.23748;1;0;0;0
26.25429;1;0;0;0
26.2712;1;0;0;0
26.28717;1;0;0;0
26.30418;1;0;0;0
26.32031;1;0;0;0
26.3371;1;0;0;0
26.3539;1;0;0;0
26.37001;1;0;0;0
26.387;1;0;0;0
26.40314;1;0;0;0
26.41971;1;0;-0.1351082;0
26.43697;1;0;-0.1922341;0
26.45286;1;0;-0.1922341;0
26.46941;1;0;-0.1922341;0
26.48609;1;0.1216669;-0.2440751;0
26.50254;1;0.1254854;-0.2434946;0
26.51911;1;0.1267379;-0.230542;0
26.53592;1;0.1286625;-0.2034454;0
26.55224;1;0;0;0
26.56921;1;0;0;0
26.58538;1;0;0;0
